"ï..key","f_alta","genero","edad","sucursal","div","num_ventas","sueldo_prom","antiguedad","num_trabajos_previos","edo_civil","experiencia","escolaridad","salario_diario_ant","num_dias","rotacion","dependientes","incremento","mes"
16185,"10-Aug-15",1,26,"TIJUANA CACHANILLA",1,5,586.38132,10,2,2,2,1,8724.7998,77,1,3,0.0672086,8
16222,"27-Jul-15",1,44,"CHIHUAHUA VILLA",1,21,10397.704,28,8,1,2,2,14105.6,184,0,1,0.737133,7
16223,"27-Jul-15",1,27,"MERIDA",2,2,795.49065,8,1,1,2,1,2644.8,63,1,1,0.3007753,7
16224,"27-Jul-15",0,61,"CHIHUAHUA PARRAL",1,19,13233.901,45,7,2,2,2,6900.7998,212,0,1,1.917734,7
16225,"27-Jul-15",1,23,"CD. JUAREZ BARRANCAS",1,1,590.7573,4,1,2,2,1,29396.801,45,1,3,0.020096,7
16226,"27-Jul-15",0,29,"LA PAZ",1,2,409.4667,8,1,1,1,2,2766.3999,22,1,2,0.1480143,7
16228,"27-Jul-15",1,33,"PACHUCA",2,3,2391.1605,11,2,1,1,1,7843.2002,24,1,1,0.3048705,7
16230,"27-Jul-15",0,49,"CHIHUAHUA PARRAL",1,3,2375.532,32,7,1,2,1,3070.3999,71,1,1,0.7736881,7
16231,"27-Jul-15",0,49,"CHIHUAHUA PARRAL",1,3,2375.532,32,11,1,2,1,13497.6,71,1,1,0.1759966,7
16232,"27-Jul-15",0,40,"TOLUCA METEPEC",2,19,10276.739,26,5,1,1,1,6171.2002,462,0,1,1.665274,7
16233,"27-Jul-15",1,24,"TIJUANA INSURGENTES",1,4,3021.9268,5,1,2,2,2,9302.4004,78,1,3,0.3248545,7
16234,"27-Jul-15",1,29,"JUAREZ CHAMIZAL",1,1,140.6565,11,5,1,1,2,11521.6,39,1,1,0.0122081,7
16235,"27-Jul-15",0,43,"GRIJALVA",2,24,20938.002,6,2,1,2,2,1550.4,633,0,1,13.5049,7
16236,"27-Jul-15",0,32,"ENSENADA",1,3,1256.5314,18,4,2,2,1,1216,56,1,3,1.033332,7
16237,"27-Jul-15",0,34,"ESCANDON",2,1,507.92625,17,4,1,1,2,2979.2,46,1,1,0.1704908,7
16238,"27-Jul-15",0,33,"INTERLOMAS",2,3,1675.3752,14,2,1,1,1,10123.2,79,1,1,0.1654986,7
16240,"27-Jul-15",0,41,"TOREO",2,25,10463.968,25,5,2,1,2,9393.5996,168,1,1,1.113947,7
16241,"27-Jul-15",0,27,"EL SALTO",1,2,1151.8204,2,0,2,2,3,6779.2002,35,1,3,0.1699051,7
16242,"27-Jul-15",1,27,"MONTERREY FUNDIDORA",1,3,293.8158,8,2,2,2,2,11916.8,65,1,3,0.0246556,7
16243,"27-Jul-15",1,26,"CD. JUAREZ ATLANTIS",1,3,2211.1202,6,1,1,2,1,2644.8,63,1,2,0.8360255,7
16244,"27-Jul-15",0,35,"PACHUCA",2,5,3489.8441,10,2,1,1,2,2553.6001,46,1,2,1.366637,7
16245,"27-Jul-15",0,34,"MOLIERE",2,2,939.89799,13,2,1,1,2,8025.6001,60,1,1,0.1171125,7
16246,"27-Jul-15",1,45,"MERIDA",2,21,9629.6566,30,6,1,2,1,5198.3999,210,0,1,1.852427,7
16247,"27-Jul-15",0,26,"TIJUANA RIO",1,1,670.46265,10,2,2,1,2,760,24,1,3,0.8821877,7
16248,"27-Jul-15",0,24,"JUAREZ CHAMIZAL",1,9,5746.912,6,1,2,2,1,516.79999,59,1,3,11.12019,7
16249,"27-Jul-15",1,34,"MONTERREY SAN NICOLAS",1,1,507.92625,15,4,2,2,1,12859.2,30,1,1,0.0394991,7
16250,"27-Jul-15",1,30,"REYNOSA FRONTERA",1,11,2042.645,7,1,1,1,2,7144,85,1,1,0.2859246,7
16251,"27-Jul-15",0,28,"PACHUCA",2,4,2319.2694,9,2,2,1,2,5776,60,1,1,0.4015356,7
16252,"27-Jul-15",1,30,"INTERLOMAS",2,10,8207.7756,7,2,1,1,2,3374.3999,74,1,1,2.432366,7
16253,"27-Jul-15",1,48,"TULUM",2,2,1842.6001,31,5,1,2,1,2371.2,39,1,1,0.777075,7
16255,"27-Jul-15",1,30,"TOLUCA METEPEC",2,3,1778.5233,3,1,1,1,1,2310.3999,49,1,2,0.7697902,7
16256,"27-Jul-15",1,31,"REYNOSA FRONTERA",1,3,1273.7227,12,3,1,2,1,9272,42,1,2,0.137373,7
16257,"27-Jul-15",0,27,"GUADALAJARA MINERVA",1,4,1953.5625,6,1,1,2,1,4164.7998,35,1,1,0.4690652,7
16258,"27-Jul-15",0,38,"VALLARTA",1,20,14367.405,19,3,2,2,1,4316.7998,430,0,1,3.328254,7
16260,"27-Jul-15",0,51,"TIJUANA RIO",1,7,4502.5709,33,10,2,2,1,11977.6,67,1,3,0.375916,7
16261,"27-Jul-15",0,40,"LA PAZ",1,5,1233.0886,26,5,2,2,1,5897.6001,70,1,3,0.2090831,7
16262,"27-Jul-15",1,22,"CD. JUAREZ BARRANCAS",1,1,218.799,2,0,2,2,2,4590.3999,37,1,3,0.0476645,7
16263,"27-Jul-15",0,39,"TOLUCA METEPEC",2,20,10932.823,20,3,2,1,1,699.20001,175,1,1,15.63619,7
16264,"27-Jul-15",1,25,"TIJUANA INSURGENTES",1,7,1148.3822,15,3,2,2,2,2918.3999,67,1,3,0.3934972,7
16265,"27-Jul-15",1,55,"GUADALAJARA TLAQUEPAQUE",1,3,1201.8317,34,7,1,2,2,3587.2,35,1,1,0.3350334,7
16266,"27-Jul-15",1,38,"SAN JERONIMO",2,6,6795.2718,17,5,1,1,1,212.8,93,1,1,31.93267,7
16267,"27-Jul-15",1,41,"PRAGA",2,7,6462.3848,3,0,1,1,1,6870.3999,109,1,1,0.9406126,7
16269,"27-Jul-15",0,32,"MONCLOVA",1,15,5852.9358,12,5,1,2,2,152,197,0,1,38.50616,7
16271,"27-Jul-15",1,27,"PERINORTE",2,1,234.4275,7,1,1,1,1,24593.6,30,1,1,0.0095321,7
16272,"27-Jul-15",0,36,"VALLARTA",1,24,16118.297,10,1,1,2,2,4377.6001,422,0,1,3.681994,7
16273,"27-Jul-15",1,34,"SOTELO",2,27,14952.724,10,2,1,1,2,6931.2002,633,0,2,2.157307,7
16274,"27-Jul-15",1,38,"COUNTRY CLUB",1,12,8731.3929,17,9,2,2,2,9849.5996,214,0,3,0.8864719,7
16275,"27-Jul-15",0,33,"CD. JUAREZ BARRANCAS",1,19,8185.8957,7,1,1,1,1,2888,255,0,1,2.834451,7
16276,"27-Jul-15",1,60,"MONTERREY MITRAS",1,5,9366.1601,27,5,1,2,2,2280,42,1,1,4.107965,7
16277,"27-Jul-15",0,29,"CANCUN",2,1,76.57965,9,4,1,2,1,91.199997,39,1,1,0.8396892,7
16278,"27-Jul-15",1,44,"DURANGO",1,17,11236.954,24,3,1,2,1,8420.7998,633,0,1,1.334428,7
16280,"27-Jul-15",0,26,"DURANGO",1,21,14757.18,7,2,2,2,1,8420.7998,550,0,1,1.752468,7
16282,"27-Jul-15",0,29,"MEXICALI IMPERIAL",1,10,8534.7239,9,2,2,1,1,7752,85,1,1,1.100971,7
16283,"27-Jul-15",0,24,"MONTERREY LEONES",1,1,804.86775,0,0,2,1,2,1732.8,84,1,3,0.4644897,7
16285,"27-Jul-15",0,25,"CD. JUAREZ ATLANTIS",1,6,7259.7508,9,3,1,2,2,8907.2002,63,1,1,0.815043,7
16286,"27-Jul-15",1,44,"NAUCALPAN",2,4,2256.7554,25,7,1,1,2,3891.2,114,1,1,0.5799639,7
16287,"27-Jul-15",0,32,"CONDESA",2,22,8922.6232,13,2,1,1,1,3952,270,0,1,2.257749,7
16288,"27-Jul-15",0,34,"MONTERREY SULTANA",1,14,3045.2132,15,4,1,2,2,25171.199,305,0,1,0.1209801,7
16292,"27-Jul-15",0,37,"OLIMPO",2,4,2365.2172,16,3,1,1,1,1216,31,1,1,1.94508,7
16293,"27-Jul-15",1,25,"CD. JUAREZ ATLANTIS",1,5,1186.8283,4,1,2,2,1,2371.2,80,1,1,0.500518,7
16294,"27-Jul-15",0,33,"PACHUCA",2,1,2595.8938,8,3,2,1,2,6596.7998,37,1,1,0.393508,7
16295,"27-Jul-15",0,30,"SEVILLA",2,7,2030.4547,12,3,2,1,1,2766.3999,67,1,1,0.73397,7
16298,"27-Jul-15",0,36,"XOLA",2,7,5750.6629,18,7,1,1,2,9910.4004,77,1,1,0.5802655,7
16299,"03-Aug-15",1,32,"TORREON COMARCA",1,1,62.514,11,2,1,2,1,820.79999,36,1,1,0.0761623,8
16300,"03-Aug-15",0,28,"VALLE DORADO",2,8,4182.1866,6,1,1,1,2,1550.4,106,1,1,2.697489,8
16302,"03-Aug-15",0,44,"ZACATECAS",1,26,11645.045,22,5,1,2,2,9940.7998,221,0,1,1.17144,8
16303,"03-Aug-15",1,27,"FRAY SERVANDO",2,8,4052.1575,5,1,1,1,1,7235.2002,109,1,2,0.5600616,8
16304,"03-Aug-15",0,26,"CULIACAN HUMAYA",1,17,9525.0706,2,0,1,2,2,15412.8,157,1,1,0.6179974,8
16305,"03-Aug-15",1,59,"TIJUANA RIO",1,5,1219.6481,44,9,1,2,1,20580.801,116,1,1,0.0592615,8
16306,"03-Aug-15",0,31,"TIJUANA INSURGENTES",1,16,12610.949,18,5,1,2,1,3435.2,269,0,1,3.671096,8
16307,"03-Aug-15",0,31,"TIJUANA INSURGENTES",1,16,12610.949,18,1,1,2,1,10488,269,0,1,1.202417,8
16308,"03-Aug-15",1,28,"EJERCITO",2,2,1884.7971,10,2,1,1,1,5928,60,1,1,0.3179482,8
16309,"03-Aug-15",0,28,"ZACATECAS",1,2,625.45257,15,4,2,2,2,18635.199,49,1,1,0.033563,8
16312,"03-Aug-15",1,50,"MONTERREY LAS TORRES",1,18,20592.112,30,5,1,2,2,3952,218,0,1,5.210555,8
16313,"03-Aug-15",1,29,"TORREON",1,1,196.9191,6,3,2,2,2,15929.6,38,1,3,0.0123618,8
16314,"03-Aug-15",0,27,"TORREON",1,9,2021.7028,1,0,1,2,1,5198.3999,113,1,1,0.3889087,8
16315,"03-Aug-15",0,29,"SAN ANGEL",2,3,4060.2843,6,1,1,1,1,12828.8,67,1,1,0.3164976,8
16316,"03-Aug-15",0,29,"LINDAVISTA",2,13,10714.587,9,1,1,1,2,6080,91,1,1,1.762268,8
16317,"03-Aug-15",1,30,"MOLIERE",2,2,3329.4956,9,2,1,1,1,6049.6001,127,1,1,0.5503662,8
16318,"03-Aug-15",1,27,"MONTERREY LEONES",1,11,8464.3956,9,1,2,2,2,5016,176,1,3,1.687479,8
16319,"03-Aug-15",0,30,"SAN MARCOS",1,4,958.02705,12,2,2,2,1,9211.2002,57,1,3,0.1040068,8
16320,"03-Aug-15",0,28,"LINDAVISTA",2,6,5071.0732,9,2,2,1,1,2401.6001,168,1,1,2.111539,8
16322,"03-Aug-15",1,28,"GUADALAJARA PATRIA",1,3,591.06987,10,2,1,2,1,5563.2002,63,1,1,0.1062464,8
16323,"03-Aug-15",0,33,"CUAUTITLAN",2,13,4031.8404,15,3,1,1,1,33105.602,84,1,2,0.1217873,8
16324,"03-Aug-15",1,27,"TLAXCALA",2,1,312.57,8,3,1,2,2,14592,72,1,1,0.0214206,8
16326,"03-Aug-15",1,30,"CUAUTITLAN",2,5,1794.1518,14,3,1,1,1,2705.6001,87,1,1,0.6631253,8
16327,"03-Aug-15",0,24,"TLAXCALA",2,5,1111.8115,2,0,2,2,2,7296,77,1,3,0.1523864,8
16332,"03-Aug-15",0,35,"SATELITE",2,3,1506.5874,16,4,1,1,1,13163.2,46,1,1,0.1144545,8
16333,"03-Aug-15",0,28,"CULIACAN",1,1,703.2825,4,1,2,2,2,3131.2,94,1,3,0.2246048,8
16335,"03-Aug-15",1,36,"TLAXCALA",2,10,7242.4032,16,3,1,2,1,10427.2,109,1,1,0.6945683,8
16336,"03-Aug-15",0,23,"CHAPALA",1,3,2514.6256,4,1,2,2,1,1672,63,1,3,1.503963,8
16337,"03-Aug-15",1,59,"CUAUTITLAN",2,8,6576.2853,40,14,1,1,2,2401.6001,119,1,1,2.738293,8
16338,"03-Aug-15",1,24,"MONTERREY MITRAS",1,17,8226.9049,1,0,2,2,2,1702.4,256,0,3,4.832533,8
16339,"03-Aug-15",1,31,"PATRIOTISMO",2,20,16086.759,4,2,1,1,2,4712,172,1,1,3.413998,8
16340,"03-Aug-15",1,21,"DURANGO",1,19,12334.7,4,1,2,1,1,15504,626,0,3,0.7955818,8
16342,"03-Aug-15",0,27,"ESCANDON",2,17,18016.504,10,2,1,1,1,7752,525,0,1,2.32411,8
16343,"03-Aug-15",1,40,"SAN ANGEL",2,8,2698.1042,21,3,1,1,2,11278.4,80,1,2,0.2392276,8
16344,"03-Aug-15",1,34,"CHAPALA",1,1,234.4275,11,3,1,2,1,26539.199,36,1,1,0.0088333,8
16345,"03-Aug-15",1,33,"TORREON COMARCA",1,3,471.66813,16,6,2,1,2,13528,28,1,3,0.0348661,8
16346,"03-Aug-15",1,55,"CUERNAVACA MORELOS",2,14,7082.2736,38,20,1,1,2,121.6,389,0,1,58.24238,8
16347,"03-Aug-15",0,42,"TIJUANA PLAYAS",1,3,1268.4091,7,1,2,2,1,3161.6001,52,1,3,0.4011921,8
16348,"03-Aug-15",1,47,"MONTERREY TECNOLOGICO",1,1,229.73895,27,4,1,2,1,516.79999,60,1,1,0.4445413,8
16349,"03-Aug-15",1,29,"FRAY SERVANDO",2,3,1874.4823,12,4,1,1,1,6779.2002,65,1,1,0.2765049,8
16350,"03-Aug-15",0,34,"SAN MARCOS",1,3,2588.0796,18,4,1,2,2,7600,59,1,1,0.3405368,8
16351,"03-Aug-15",1,26,"ZACATECAS",1,30,17261.678,5,1,1,2,2,6566.3999,626,0,1,2.628789,8
16352,"03-Aug-15",0,44,"HERMOSILLO PITIC",1,19,11247.206,26,12,1,2,2,6779.2002,140,1,1,1.659076,8
16353,"03-Aug-15",1,26,"MONCLOVA",1,14,4285.2097,8,2,1,2,1,6171.2002,175,1,2,0.6943884,8
16354,"03-Aug-15",0,42,"MONCLOVA",1,1,31.257,23,7,2,1,1,5502.3999,38,1,1,0.0056806,8
16355,"03-Aug-15",1,33,"SAN MARCOS",1,3,900.82674,18,4,1,2,1,4712,49,1,2,0.1911771,8
16356,"03-Aug-15",0,37,"COLIMA",1,15,3860.6146,21,4,1,2,2,9819.2002,249,0,1,0.39317,8
16357,"03-Aug-15",0,51,"BAJIO",1,3,1589.731,24,7,2,2,1,6748.7998,42,1,1,0.2355576,8
16359,"03-Aug-15",0,28,"CUAUTITLAN",2,6,4513.5108,10,2,1,1,2,7478.3999,87,1,1,0.6035396,8
16360,"03-Aug-15",0,38,"CUERNAVACA MORELOS",2,15,6876.0399,22,8,1,1,1,7052.7998,121,1,1,0.9749376,8
16361,"03-Aug-15",0,47,"CD. JUAREZ BARRANCAS",1,14,8232.6875,30,6,1,1,1,6080,389,0,1,1.35406,8
16362,"10-Aug-15",1,29,"MONTERREY SAN NICOLAS",1,9,12490.297,14,2,2,2,1,364.79999,183,0,3,34.23875,8
16363,"10-Aug-15",0,36,"SAN ANGEL",2,19,11055.788,20,7,2,1,2,14896,200,0,1,0.7421985,8
16364,"10-Aug-15",1,30,"GUADALAJARA PATRIA",1,11,5718.4056,11,3,1,2,1,6900.7998,168,1,1,0.8286584,8
16365,"10-Aug-15",0,30,"VALLARTA",1,1,1093.995,13,2,1,2,2,5593.6001,38,1,1,0.1955798,8
16366,"10-Aug-15",0,36,"NOGALES",1,7,2139.5417,21,4,1,2,1,11521.6,88,1,1,0.1856983,8
16367,"10-Aug-15",1,29,"CD. JUAREZ ATLANTIS",1,1,78.1425,10,2,2,2,1,4134.3999,15,1,1,0.0189006,8
16368,"10-Aug-15",0,28,"LAS AGUILAS",2,22,11445.876,4,1,1,1,1,1945.6,592,0,1,5.882954,8
16370,"10-Aug-15",1,28,"GUADALAJARA PATRIA",1,1,492.29775,7,1,2,2,1,5076.7998,53,1,3,0.0969701,8
16371,"10-Aug-15",1,44,"CD. JUAREZ ATLANTIS",1,3,1816.0317,26,11,1,2,2,7356.7998,49,1,1,0.2468508,8
16373,"10-Aug-15",1,28,"CHAPULTEPEC",2,17,8509.6557,9,2,1,1,1,2918.3999,184,0,1,2.915864,8
16375,"10-Aug-15",1,29,"CONDESA",2,6,2632.4645,9,2,1,1,2,12099.2,88,1,2,0.2175734,8
16376,"10-Aug-15",1,28,"SEVILLA",2,3,2311.4551,8,1,1,1,1,7083.2002,81,1,1,0.3263292,8
16377,"10-Aug-15",0,27,"MONTERREY SAN NICOLAS",1,15,13689.878,6,1,2,2,2,6596.7998,203,0,3,2.07523,8
16378,"10-Aug-15",0,37,"MONTE ALBAN",2,4,1747.2663,23,4,1,2,2,2158.3999,65,1,1,0.8095193,8
16379,"10-Aug-15",0,30,"SEVILLA",2,12,4439.9318,10,2,1,1,2,486.39999,126,1,1,9.128149,8
16382,"10-Aug-15",1,32,"CHIMALISTAC",2,2,1297.1655,6,1,1,1,2,10792,109,1,1,0.120197,8
16383,"10-Aug-15",0,54,"REYNOSA FRONTERA",1,13,11523.862,31,6,1,2,2,6505.6001,329,0,1,1.771376,8
16385,"10-Aug-15",1,32,"MONTE ALBAN",2,16,12144.907,11,4,1,2,2,13406.4,123,1,1,0.9059037,8
16386,"10-Aug-15",1,29,"MEXICALI IMPERIAL",1,26,11570.841,11,2,1,1,2,6262.3999,619,0,2,1.847669,8
16388,"10-Aug-15",0,29,"CHAPULTEPEC",2,2,1484.7075,9,5,1,1,2,9576,57,1,1,0.1550446,8
16389,"10-Aug-15",0,33,"TIJUANA INSURGENTES",1,1,125.65314,13,2,2,2,1,9089.5996,32,1,3,0.0138238,8
16390,"10-Aug-15",1,38,"MONTERREY LAS TORRES",1,2,93.771,22,4,1,2,1,7660.7998,23,1,1,0.0122404,8
16391,"10-Aug-15",0,30,"REYNOSA FRONTERA",1,1,109.3995,15,3,2,2,1,2188.8,45,1,1,0.0499815,8
16393,"10-Aug-15",0,39,"TIJUANA RIO",1,10,9208.6248,22,4,2,2,1,7083.2002,123,1,3,1.300066,8
16394,"10-Aug-15",1,35,"CRONOS",2,11,7968.9721,16,5,2,1,2,7387.2002,151,1,1,1.078754,8
16395,"10-Aug-15",0,53,"REYNOSA FRONTERA",1,14,7201.6128,28,7,1,2,2,6657.6001,93,1,1,1.081713,8
16396,"10-Aug-15",1,29,"MERIDA",2,1,12.5028,6,1,2,2,1,4590.3999,77,1,3,0.0027237,8
16397,"10-Aug-15",0,26,"CELAYA",1,3,1322.1711,6,1,2,2,2,1216,72,1,3,1.087312,8
16398,"10-Aug-15",1,31,"PACHUCA",2,1,78.1425,15,4,1,1,2,8846.4004,30,1,1,0.0088333,8
16399,"10-Aug-15",1,50,"MERIDA",2,16,9294.0814,31,6,1,2,1,17297.6,619,0,1,0.5373047,8
16400,"10-Aug-15",1,23,"MONCLOVA",1,2,537.30783,6,1,1,2,1,18787.199,108,1,1,0.0285997,8
16401,"10-Aug-15",0,27,"CELAYA",1,5,2273.9468,6,2,1,2,1,3161.6001,92,1,1,0.7192392,8
16402,"10-Aug-15",1,27,"TIJUANA INSURGENTES",1,1,234.4275,10,2,1,2,1,13497.6,53,1,1,0.0173681,8
16403,"10-Aug-15",1,29,"MERIDA",2,1,393.8382,7,3,2,2,2,4620.7998,43,1,3,0.0852316,8
16404,"10-Aug-15",1,32,"PACHUCA",2,22,14961.788,1,0,1,1,2,2523.2,340,0,2,5.929688,8
16405,"10-Aug-15",1,38,"TOREO",2,17,9446.7719,17,3,1,1,1,912,198,0,1,10.3583,8
16406,"10-Aug-15",1,26,"TUXTLA GUTIERREZ",2,14,10408.268,8,2,2,2,2,15291.2,123,1,3,0.6806705,8
16407,"10-Aug-15",1,38,"SAN LUIS POTOSI",1,14,6663.8049,19,3,1,2,1,16932.801,217,0,2,0.3935442,8
16408,"10-Aug-15",0,28,"TUXTLA GUTIERREZ",2,7,741.10347,10,2,2,2,1,10123.2,45,1,3,0.0732084,8
16410,"10-Aug-15",0,26,"MERIDA",2,18,5997.9057,7,3,1,2,1,3313.6001,619,0,1,1.810087,8
16411,"10-Aug-15",1,46,"POLANCO",2,3,4599.4676,25,4,1,1,1,9940.7998,50,1,1,0.4626859,8
16412,"10-Aug-15",1,46,"MERIDA MONTEJO",2,1,156.285,20,3,1,2,2,12585.6,46,1,1,0.0124178,8
16413,"10-Aug-15",1,41,"ILIADA METRO NORTE",2,2,312.57,26,6,1,1,1,29366.4,21,1,1,0.0106438,8
16414,"10-Aug-15",1,35,"VALLE DORADO",2,12,8313.4243,20,4,1,1,1,1185.6,130,1,1,7.011998,8
16415,"10-Aug-15",1,49,"GUADALAJARA AJIJIC",1,1,156.285,27,6,1,2,2,2766.3999,49,1,1,0.056494,8
16416,"10-Aug-15",0,38,"CRACOVIA",2,15,14076.465,18,8,1,1,2,3556.8,217,0,1,3.957621,8
16417,"10-Aug-15",1,30,"MONTERREY SANTA LUCIA",1,13,12836.625,13,3,1,2,1,1641.6,85,1,1,7.819582,8
16421,"10-Aug-15",1,28,"COUNTRY CLUB",1,1,182.85345,0,0,1,2,2,4772.7998,39,1,1,0.0383116,8
16422,"10-Aug-15",0,42,"CHAPULTEPEC",2,6,2439.1713,23,4,2,1,2,121.6,115,1,1,20.05898,8
16423,"10-Aug-15",0,42,"CHAPULTEPEC",2,6,2439.1713,23,7,2,1,2,13680,115,1,1,0.178302,8
16426,"10-Aug-15",0,25,"VALLARTA",1,1,393.8382,8,2,1,2,2,10396.8,38,1,1,0.0378807,8
16428,"10-Aug-15",0,25,"CD. JUAREZ BARRANCAS",1,17,17356.449,6,3,1,2,2,1884.8,305,0,1,9.208642,8
16429,"10-Aug-15",1,29,"TORREON COMARCA",1,16,5130.8991,6,1,1,2,2,8998.4004,253,0,1,0.5702012,8
16430,"10-Aug-15",1,24,"CD. JUAREZ BARRANCAS",1,4,1610.6732,6,1,2,2,1,18483.199,50,1,3,0.0871426,8
16431,"10-Aug-15",0,27,"MONTERREY MITRAS",1,6,1605.6721,10,2,1,2,1,3100.8,59,1,1,0.5178251,8
16433,"10-Aug-15",1,33,"INTERLOMAS",2,13,11250.176,14,2,2,1,2,9332.7998,189,0,1,1.205445,8
16435,"10-Aug-15",1,27,"MONTERREY LAS TORRES",1,4,1226.8373,7,2,2,2,1,3252.8,60,1,3,0.3771634,8
16436,"10-Aug-15",0,35,"TOREO",2,9,5587.1888,18,5,2,1,1,2614.3999,92,1,1,2.137083,8
16438,"10-Aug-15",1,28,"TAMPICO ALTAMIRA",1,1,203.1705,11,4,2,2,1,1094.4,39,1,3,0.1856456,8
16439,"10-Aug-15",0,33,"NOGALES",1,3,602.94753,11,4,2,2,2,3040,45,1,1,0.198338,8
16440,"17-Aug-15",1,40,"CAMPECHE",2,23,8486.9632,26,6,1,2,2,6961.6001,151,1,1,1.219111,8
16441,"17-Aug-15",0,27,"CUERNAVACA MORELOS",2,9,3250.4154,6,1,2,1,1,10153.6,109,1,1,0.3201244,8
16442,"17-Aug-15",1,27,"OLIMPO",2,2,1176.5135,7,2,1,1,1,60.799999,44,1,1,19.35055,8
16444,"17-Aug-15",1,38,"CUERNAVACA MORELOS",2,24,9626.5309,16,5,1,1,2,3374.3999,198,0,1,2.852813,8
16445,"17-Aug-15",1,33,"CRONOS",2,18,5849.4975,13,3,1,1,2,6657.6001,385,0,1,0.8786196,8
16446,"17-Aug-15",0,33,"METRO CENTRO",2,1,312.57,1,0,1,1,1,456,59,1,1,0.6854605,8
16447,"17-Aug-15",1,28,"XOLA",2,4,3272.6079,8,2,1,1,1,10214.4,84,1,1,0.3203916,8
16448,"17-Aug-15",0,30,"OLIMPO",2,2,804.24261,9,2,1,1,1,16841.6,35,1,2,0.0477533,8
16449,"17-Aug-15",1,23,"CD. JUAREZ BARRANCAS",1,2,123.46515,7,4,2,2,1,10640,32,1,3,0.0116039,8
16450,"17-Aug-15",0,34,"CONDESA",2,16,11855.78,13,3,1,1,1,11734.4,479,0,1,1.010344,8
16451,"17-Aug-15",0,28,"TOREO",2,4,807.99345,2,1,2,1,2,1550.4,44,1,1,0.5211516,8
16452,"17-Aug-15",1,36,"EL SALTO",1,14,7713.4774,6,1,1,2,1,7630.3999,163,1,1,1.010888,8
16453,"17-Aug-15",0,32,"DURANGO",1,4,3852.4252,16,5,1,1,2,881.59998,78,1,2,4.369811,8
16456,"17-Aug-15",1,27,"GUADALAJARA PATRIA",1,2,726.72525,10,2,2,2,1,11673.6,37,1,3,0.0622537,8
16457,"17-Aug-15",0,41,"CHIHUAHUA VILLA",1,6,5223.3573,25,5,1,1,1,8542.4004,58,1,1,0.6114625,8
16458,"17-Aug-15",1,39,"CUERNAVACA",2,2,625.14,20,7,1,1,1,4681.6001,81,1,1,0.1335313,8
16459,"17-Aug-15",0,32,"TIJUANA RIO",1,1,837.6876,16,3,2,2,2,3982.3999,43,1,3,0.2103474,8
16460,"17-Aug-15",0,28,"EJERCITO",2,5,5139.5885,9,1,1,1,1,9880,102,1,1,0.5202013,8
16461,"17-Aug-15",1,27,"CHOLULA",2,2,404.15301,10,2,1,2,2,1580.8,25,1,1,0.2556636,8
16462,"17-Aug-15",0,26,"VIVEROS",2,8,5547.5549,9,2,1,1,1,6870.3999,122,1,1,0.8074573,8
16465,"17-Aug-15",0,27,"CD. JUAREZ BARRANCAS",1,18,6481.2015,2,0,1,2,2,2553.6001,378,0,1,2.538064,8
16468,"17-Aug-15",0,42,"SALTILLO MONTERREAL",1,2,343.827,21,4,2,2,2,699.20001,17,1,1,0.4917434,8
16470,"17-Aug-15",0,35,"QUERETARO",1,6,1564.1003,12,2,2,2,1,7600,193,0,1,0.2058027,8
16471,"17-Aug-15",0,33,"QUERETARO",1,1,12.5028,12,4,1,2,1,5076.7998,74,1,1,0.0024627,8
16472,"17-Aug-15",0,33,"QUERETARO",1,1,12.5028,12,3,1,2,1,12160,74,1,1,0.0010282,8
16474,"17-Aug-15",0,31,"BAJIO",1,4,1367.8063,8,2,1,2,2,1337.6,46,1,1,1.022583,8
16475,"17-Aug-15",1,45,"OLIMPO",2,15,11133.806,25,6,1,1,1,18878.4,218,0,1,0.5897642,8
16476,"17-Aug-15",0,30,"TLAXCALA",2,18,11006.652,12,2,1,2,2,4316.7998,612,0,1,2.549725,8
16477,"17-Aug-15",0,26,"DURANGO",1,15,2813.13,8,4,2,2,1,11977.6,87,1,1,0.2348659,8
16478,"17-Aug-15",0,46,"QUERETARO ARCOS",1,6,4985.4915,19,3,1,2,2,4499.2002,88,1,1,1.108084,8
16479,"17-Aug-15",0,38,"MONTERREY SANTA LUCIA",1,5,1813.5311,23,5,2,2,1,12707.2,60,1,3,0.1427168,8
16480,"17-Aug-15",1,31,"TAMPICO ALTAMIRA",1,3,1405.0022,12,3,2,2,2,1216,57,1,3,1.155429,8
16483,"24-Aug-15",1,27,"GRIJALVA",2,1,546.9975,9,3,2,2,1,6444.7998,39,1,3,0.0848742,8
16485,"17-Aug-15",1,27,"GRIJALVA",2,9,2436.4832,11,1,1,2,2,5380.7998,163,1,1,0.4528106,8
16486,"17-Aug-15",0,27,"CUERNAVACA MORELOS",2,12,5651.5782,12,2,1,1,1,9302.4004,102,1,1,0.6075398,8
16487,"17-Aug-15",0,25,"MONTERREY CHIPINQUE",1,3,1555.9735,0,0,2,2,2,3131.2,63,1,3,0.4969256,8
16488,"17-Aug-15",0,37,"EJERCITO",2,5,4461.9367,21,4,2,1,1,638.40002,88,1,1,6.989249,8
16489,"17-Aug-15",0,27,"QUERETARO ACUEDUCTO",1,17,8090.7494,7,2,1,2,2,516.79999,277,0,1,15.65548,8
16491,"17-Aug-15",0,31,"HERMOSILLO PITIC",1,11,7045.5153,12,4,2,2,1,4012.8,163,1,1,1.75576,8
16493,"17-Aug-15",1,27,"XOLA",2,6,2031.705,8,1,1,1,2,17115.199,51,1,1,0.1187076,8
16494,"17-Aug-15",0,33,"CUAUTITLAN",2,20,10194.033,14,2,1,1,1,12707.2,163,1,1,0.8022249,8
16496,"17-Aug-15",0,33,"SALTILLO MONTERREAL",1,14,8096.3444,14,3,1,2,2,13132.8,193,0,1,0.616498,8
16498,"17-Aug-15",0,32,"TAMPICO",1,12,3984.3298,13,3,1,2,1,8208,102,1,1,0.4854203,8
16499,"17-Aug-15",0,50,"GRIJALVA",2,10,2292.4509,32,7,2,2,2,5593.6001,107,1,3,0.4098346,8
16500,"17-Aug-15",1,23,"CD. JUAREZ BARRANCAS",1,2,4922.9775,6,1,2,2,2,5715.2002,81,1,3,0.8613832,8
16501,"17-Aug-15",0,51,"CORREGIDORA",1,16,2707.7939,31,5,1,2,1,7691.2002,612,0,1,0.3520639,8
16502,"17-Aug-15",1,30,"CAMPECHE",2,15,4983.3973,12,2,1,2,2,5806.3999,182,0,1,0.8582594,8
16504,"17-Aug-15",1,27,"GRIJALVA",2,11,5591.5647,9,3,2,2,1,5897.6001,115,1,3,0.9481085,8
16506,"17-Aug-15",1,33,"QUERETARO ACUEDUCTO",1,39,14264.445,4,2,1,2,1,12220.8,612,0,1,1.167227,8
16507,"17-Aug-15",0,27,"CD. JUAREZ BARRANCAS",1,1,495.73602,9,2,2,2,1,5867.2002,45,1,3,0.0844928,8
16509,"17-Aug-15",1,31,"HERMOSILLO",1,20,9915.158,11,2,2,2,1,23620.801,389,0,1,0.4197638,8
16511,"17-Aug-15",1,43,"ILIADA METRO NORTE",2,18,9896.5288,25,5,1,1,1,10184,109,1,1,0.9717723,8
16512,"17-Aug-15",1,45,"LINDAVISTA",2,16,12033.632,28,7,2,1,1,8238.4004,254,0,1,1.460676,8
16514,"17-Aug-15",0,34,"CAMPECHE",2,2,125.028,10,4,1,2,1,9089.5996,66,1,1,0.0137551,8
16515,"24-Aug-15",0,25,"COLIMA",1,7,2031.1424,6,1,1,2,2,638.40002,151,1,1,3.181614,8
16516,"24-Aug-15",1,33,"MONTERREY SENDERO",1,9,3804.9146,11,3,1,2,2,9940.7998,46,1,1,0.3827574,8
16517,"24-Aug-15",1,29,"COSTA DEL SOL",2,2,625.14,6,2,1,2,2,13588.8,59,1,1,0.0460041,8
16518,"24-Aug-15",0,34,"REYNOSA FRONTERA",1,8,6435.8163,17,2,2,2,2,9089.5996,70,1,1,0.7080418,8
16519,"24-Aug-15",0,41,"TORREON COMARCA",1,9,7026.8862,15,4,1,2,2,5016,121,1,1,1.400894,8
16521,"24-Aug-15",0,44,"PUEBLA LA NORIA",2,17,7680.9076,22,7,1,2,1,10609.6,305,0,1,0.7239583,8
16522,"24-Aug-15",1,31,"GUADALAJARA AJIJIC",1,15,16082.477,15,3,1,2,1,4742.3999,162,1,1,3.391211,8
16523,"24-Aug-15",0,39,"CULIACAN",1,16,1862.7297,23,5,1,2,1,14470.4,442,0,1,0.1287269,8
16524,"24-Aug-15",0,32,"SAN ANGEL",2,17,5689.9618,12,2,1,1,2,2492.8,171,1,1,2.282558,8
16525,"24-Aug-15",0,47,"SAN LUIS POTOSI",1,16,18990.534,27,6,1,2,2,2401.6001,263,0,1,7.907451,8
16526,"24-Aug-15",1,27,"DURANGO",1,6,2598.707,9,2,2,2,1,9241.5996,144,1,3,0.2811967,8
16527,"24-Aug-15",0,29,"MONTE ALBAN",2,1,12.5028,2,0,2,2,1,6080,39,1,1,0.0020564,8
16528,"24-Aug-15",0,27,"DURANGO",1,15,7774.241,10,2,2,2,2,456,529,0,3,17.04877,8
16529,"24-Aug-15",0,32,"COATZACOALCOS",2,26,17647.765,12,2,2,2,2,121.6,605,0,3,145.1296,8
16533,"24-Aug-15",0,27,"DURANGO",1,14,5857.9056,8,2,1,2,2,15595.2,226,0,1,0.3756223,8
16536,"24-Aug-15",1,39,"TRADE CENTER",2,10,2312.893,14,5,2,1,2,3556.8,143,1,1,0.6502736,8
16537,"24-Aug-15",0,32,"MONTE ALBAN",2,3,1751.9549,10,2,1,2,1,4681.6001,74,1,1,0.3742214,8
16538,"24-Aug-15",0,32,"GUADALAJARA CENTRO",1,4,3398.8862,12,2,1,2,1,22739.199,57,1,1,0.1494725,8
16540,"24-Aug-15",1,52,"CHAPALA",1,25,14250.004,36,8,1,2,1,19577.6,169,1,1,0.7278729,8
16542,"24-Aug-15",0,28,"MONTERREY GUADALUPE",1,7,4938.2934,1,0,2,2,2,7812.7998,81,1,1,0.6320773,8
16543,"24-Aug-15",1,26,"COSTA DEL SOL",2,3,2614.648,4,1,2,2,1,10518.4,59,1,1,0.2485785,8
16544,"24-Aug-15",1,24,"TIJUANA INSURGENTES",1,3,2027.9542,7,1,2,2,1,9454.4004,74,1,3,0.2144984,8
16545,"24-Aug-15",0,36,"OLIMPO",2,2,123.46515,9,3,2,1,1,10062.4,43,1,1,0.01227,8
16546,"24-Aug-15",1,32,"TAMPICO ALTAMIRA",1,4,1215.8973,11,5,2,2,2,13771.2,64,1,3,0.0882928,8
16547,"24-Aug-15",0,26,"COSTA DEL SOL",2,10,2177.05,3,1,2,2,2,9393.5996,65,1,3,0.2317589,8
16550,"24-Aug-15",0,27,"CD. JUAREZ ATLANTIS",1,3,1255.5937,11,3,2,2,2,9819.2002,37,1,1,0.1278713,8
16552,"24-Aug-15",0,28,"COSTA DEL SOL",2,23,13461.015,10,3,1,2,2,10305.6,605,0,2,1.306185,8
16553,"24-Aug-15",0,29,"CORREGIDORA",1,1,546.9975,12,2,2,2,2,9272,42,1,1,0.0589946,8
16554,"24-Aug-15",0,41,"PACHUCA",2,6,2882.2705,20,4,1,1,1,10184,158,1,1,0.2830195,8
16555,"24-Aug-15",0,49,"QUERETARO ARCOS",1,19,19415.161,27,6,1,2,2,4681.6001,605,0,1,4.14712,8
16556,"24-Aug-15",1,34,"MONTERREY VALLE ALTO",1,2,5576.2488,18,3,1,2,2,2979.2,35,1,1,1.871727,8
16557,"24-Aug-15",1,26,"MERIDA",2,1,156.285,3,1,2,2,2,9028.7998,31,1,3,0.0173096,8
16559,"24-Aug-15",0,24,"MONTE ALBAN",2,2,1172.1375,3,0,1,2,1,12768,65,1,1,0.0918027,8
16560,"24-Aug-15",1,33,"COLIMA",1,7,2431.482,11,2,1,2,2,10032,66,1,1,0.2423726,8
16562,"24-Aug-15",1,22,"JUAREZ CHAMIZAL",1,1,1534.7187,3,1,2,2,1,7083.2002,18,1,3,0.2166702,8
16563,"24-Aug-15",0,24,"COATZACOALCOS",2,16,8035.2057,3,1,2,2,2,577.59998,113,1,3,13.91137,8
16564,"24-Aug-15",0,42,"TRADE CENTER",2,3,3072.8757,22,4,2,1,1,9363.2002,63,1,1,0.3281865,8
16565,"24-Aug-15",0,25,"ARANDAS",1,18,14381.971,4,1,2,2,2,5745.6001,284,0,3,2.503128,8
16566,"24-Aug-15",1,43,"GUADALAJARA CENTRO",1,6,2314.8934,25,5,1,2,1,4833.6001,85,1,1,0.478917,8
16567,"24-Aug-15",0,28,"MONTERREY LEONES",1,6,3976.3905,4,2,2,2,2,1884.8,141,1,3,2.109715,8
16568,"24-Aug-15",1,29,"CULIACAN",1,2,666.39924,6,1,1,2,2,11035.2,126,1,2,0.0603885,8
16569,"24-Aug-15",0,37,"MONTERREY SAN NICOLAS",1,8,12776.299,12,5,1,2,2,6019.2002,72,1,1,2.122591,8
16570,"24-Aug-15",1,26,"GUADALAJARA PATRIA",1,17,9196.9347,2,0,2,2,2,3678.3999,219,0,3,2.500254,8
16571,"24-Aug-15",0,33,"CRACOVIA",2,14,10333.814,14,4,2,1,2,6961.6001,234,0,1,1.484402,8
16572,"24-Aug-15",1,35,"TORREON COMARCA",1,14,14124.226,17,3,1,2,1,12798.4,401,0,1,1.103593,8
16573,"24-Aug-15",1,30,"MAZARIK",2,17,23686.93,9,2,2,1,1,9728,308,0,1,2.434923,8
16574,"24-Aug-15",0,32,"PUEBLA LA NORIA",2,2,303.1929,16,5,2,2,1,2736,43,1,3,0.1108161,8
16575,"24-Aug-15",0,31,"LINDAVISTA",2,4,1233.0886,8,2,2,1,2,1976,51,1,1,0.6240327,8
16576,"24-Aug-15",0,32,"MONCLOVA",1,14,3965.3255,7,1,2,1,1,15747.2,154,1,1,0.2518115,8
16577,"24-Aug-15",1,36,"BARRANCA",2,12,9837.0468,20,4,1,1,2,3739.2,162,1,1,2.630789,8
16578,"24-Aug-15",1,49,"SAN ANGEL",2,18,13198.956,22,4,1,1,2,1155.2,305,0,1,11.42569,8
16579,"24-Aug-15",0,28,"TAMPICO ALTAMIRA",1,4,1062.738,2,1,2,2,2,4590.3999,77,1,3,0.2315132,8
16580,"24-Aug-15",1,52,"MERIDA",2,4,2879.7074,32,16,2,2,2,9241.5996,95,1,1,0.3116027,8
16582,"24-Aug-15",0,50,"LINDAVISTA",2,5,1534.7187,29,5,1,1,1,4985.6001,71,1,1,0.3078303,8
16583,"24-Aug-15",0,25,"ARANDAS",1,14,6656.9283,7,1,2,2,1,2705.6001,284,0,3,2.460426,8
16584,"24-Aug-15",0,52,"GUADALAJARA TLAQUEPAQUE",1,13,5629.8858,29,14,2,2,1,2888,519,0,1,1.949406,8
16585,"24-Aug-15",0,36,"TIJUANA RIO",1,3,2158.2958,16,3,2,2,2,14379.2,70,1,3,0.1500985,8
16586,"24-Aug-15",0,42,"MORELIA MONARCA",1,6,1636.3039,19,4,1,2,2,1033.6,65,1,1,1.583111,8
16587,"24-Aug-15",0,28,"PUEBLA LA NORIA",2,19,4536.3284,4,1,2,2,1,2067.2,469,0,1,2.194431,8
16588,"24-Aug-15",1,37,"PUEBLA LA NORIA",2,1,78.1425,18,3,1,2,1,5107.2002,39,1,1,0.0153005,8
16589,"24-Aug-15",0,25,"MEXICALI IMPERIAL",1,9,3730.8355,7,1,1,1,2,10336,50,1,2,0.3609554,8
16591,"24-Aug-15",0,45,"COLIMA",1,20,8330.6156,24,7,1,1,2,3435.2,605,0,1,2.425074,8
16593,"31-Aug-15",0,26,"CAMPECHE",2,15,11668.394,25,5,2,2,2,668.79999,161,1,1,17.44676,8
16594,"31-Aug-15",0,22,"QUERETARO ARCOS",1,3,1287.7884,7,2,2,2,1,6900.7998,56,1,1,0.1866144,8
16596,"31-Aug-15",1,28,"MEXICALI",1,11,5825.3983,11,2,2,2,1,364.79999,107,1,3,15.96875,8
16598,"31-Aug-15",0,31,"CHIHUAHUA PARRAL",1,1,1415.9421,9,1,1,2,1,1611.2,17,1,1,0.8788121,8
16599,"31-Aug-15",0,25,"JUAREZ PASO DEL NORTE",1,2,1234.6515,5,2,2,2,2,1337.6,38,1,3,0.9230349,8
16600,"31-Aug-15",0,49,"SAN ANGEL",2,2,235.05264,23,4,1,1,2,608,52,1,1,0.3865997,8
16601,"31-Aug-15",0,28,"SATELITE",2,10,6905.5778,6,1,1,1,2,4316.7998,144,1,1,1.599698,8
16602,"31-Aug-15",0,40,"MEXICALI",1,4,553.2489,21,8,2,1,2,9940.7998,38,1,1,0.0556544,8
16603,"31-Aug-15",0,27,"CHOLULA",2,13,8491.4642,11,2,1,2,1,2280,471,0,1,3.724326,8
16604,"31-Aug-15",1,25,"HERMOSILLO",1,4,2632.4645,2,0,2,1,1,7478.3999,67,1,3,0.3520091,8
16606,"31-Aug-15",0,47,"MONTERREY VALLE ALTO",1,15,7557.2862,25,14,1,2,2,8968,241,0,1,0.8426947,8
16607,"31-Aug-15",0,29,"VALLARTA",1,2,296.9415,8,2,1,2,2,6049.6001,36,1,1,0.0490845,8
16608,"31-Aug-15",1,33,"BAJIO",1,11,5558.6824,11,4,2,2,1,11734.4,353,0,1,0.4737083,8
16609,"31-Aug-15",1,29,"CONDESA",2,21,17741.004,11,2,1,1,1,11035.2,373,0,1,1.607674,8
16610,"31-Aug-15",0,25,"HERMOSILLO PITIC",1,2,2169.2358,5,1,2,1,2,5259.2002,43,1,1,0.4124649,8
16611,"31-Aug-15",0,46,"HERMOSILLO",1,7,6709.3151,23,5,1,2,2,304,87,1,1,22.07012,8
16612,"31-Aug-15",0,33,"PUEBLA LA NORIA",2,15,9685.419,16,3,2,2,1,12099.2,598,0,1,0.8005008,8
16613,"31-Aug-15",1,31,"MERIDA",2,14,4334.0956,12,2,2,2,2,4924.7998,105,1,3,0.8800552,8
16615,"31-Aug-15",0,26,"MONTERREY CUMBRES",1,20,21871.336,2,0,2,2,1,1033.6,598,0,3,21.16035,8
16616,"31-Aug-15",0,27,"MONTERREY CHIPINQUE",1,24,11965.607,8,2,2,2,2,15139.2,598,0,3,0.7903724,8
16620,"31-Aug-15",0,36,"ZACATECAS",1,22,13379.778,8,1,2,2,2,14288,326,0,1,0.9364346,8
16621,"31-Aug-15",0,37,"VERACRUZ",2,9,4185.3123,16,6,1,2,2,6809.6001,72,1,1,0.6146194,8
16622,"31-Aug-15",1,31,"TUXTLA GUTIERREZ",2,19,5852.8107,16,2,2,2,1,1550.4,205,0,1,3.775033,8
16623,"31-Aug-15",0,26,"CAMPECHE",2,8,1761.1444,7,1,2,2,1,19304,171,1,3,0.0912321,8
16624,"31-Aug-15",1,38,"MONTERREY GUADALUPE",1,20,7173.3252,11,2,2,2,1,15716.8,240,0,3,0.4564113,8
16625,"31-Aug-15",1,30,"TORREON",1,9,2557.7603,11,2,2,2,1,547.20001,85,1,3,4.67427,8
16626,"31-Aug-15",0,23,"CULIACAN",1,1,434.4723,2,0,2,2,2,9393.5996,14,1,3,0.0462519,8
16630,"31-Aug-15",1,36,"MONCLOVA",1,20,18198.857,16,4,1,2,2,11308.8,598,0,2,1.609265,8
16631,"31-Aug-15",0,53,"MONTERREY VOLCAN",1,23,6243.2732,27,11,2,2,2,15504,598,0,3,0.4026879,8
16632,"31-Aug-15",1,32,"TORREON COMARCA",1,5,2079.2782,7,1,2,2,1,8420.7998,105,1,3,0.2469217,8
16636,"31-Aug-15",1,45,"TOLUCA LERMA",2,3,1484.7075,25,8,1,1,1,10883.2,81,1,1,0.136422,8
16637,"31-Aug-15",1,46,"MERIDA",2,11,8620.6806,22,7,1,2,2,6718.3999,149,1,1,1.283145,8
16638,"31-Aug-15",1,28,"MERIDA",2,25,15608.871,9,1,2,2,2,1276.8,423,0,3,12.22499,8
16641,"31-Aug-15",1,23,"CHIHUAHUA VILLA",1,1,625.14,5,1,2,2,1,12160,30,1,3,0.0514095,8
16642,"31-Aug-15",0,58,"MONTERREY SAN NICOLAS",1,7,5252.6763,42,11,1,2,2,3800,151,1,2,1.382283,8
16643,"31-Aug-15",0,58,"MONTERREY SAN NICOLAS",1,7,5252.6763,42,8,1,2,2,12342.4,151,1,2,0.4255798,8
16644,"31-Aug-15",1,31,"CD. JUAREZ ATLANTIS",1,1,1453.4505,13,5,2,2,2,25536,30,1,3,0.0569177,8
16645,"31-Aug-15",1,43,"TOLUCA METEPEC",2,3,1420.9432,23,4,1,1,1,17176,91,1,1,0.0827284,8
16646,"31-Aug-15",1,27,"JALISCO",1,2,1095.5578,7,2,2,2,2,2979.2,36,1,3,0.3677356,8
16647,"31-Aug-15",0,27,"ARANDAS",1,18,6398.7455,9,2,2,2,1,8208,364,0,3,0.7795743,8
16648,"31-Aug-15",1,36,"ENSENADA",1,3,442.28655,18,10,2,2,2,5502.3999,56,1,3,0.0803807,8
16649,"31-Aug-15",0,27,"MAZATLAN",1,6,1862.167,9,2,1,2,1,6019.2002,148,1,1,0.3093712,8
16651,"31-Aug-15",1,45,"MONTERREY LEONES",1,19,14185.802,28,4,2,2,2,304,213,0,3,46.66382,8
16653,"31-Aug-15",1,27,"TIJUANA RIO",1,3,2174.2369,11,2,1,1,1,20854.4,71,1,1,0.1042579,8
16654,"31-Aug-15",1,28,"SALTILLO",1,20,18715.004,2,0,1,2,2,10427.2,183,0,1,1.794825,8
16655,"31-Aug-15",0,40,"PACHUCA",2,1,187.542,17,5,1,1,2,7539.2002,53,1,1,0.0248756,8
16656,"31-Aug-15",1,34,"XOLA",2,2,993.9726,15,3,1,1,1,6566.3999,51,1,1,0.1513725,8
16657,"31-Aug-15",0,29,"JUAREZ CHAMIZAL",1,1,546.9975,12,2,2,2,2,1672,17,1,3,0.3271516,8
16658,"31-Aug-15",0,24,"GUADALAJARA AJIJIC",1,14,9007.7985,11,2,2,2,2,2523.2,218,0,3,3.56999,8
16660,"31-Aug-15",0,39,"VERACRUZ",2,26,13367.244,20,9,2,2,2,10518.4,186,0,1,1.270844,8
16661,"31-Aug-15",1,35,"VERACRUZ",2,1,390.7125,14,5,2,2,1,3344,50,1,3,0.1168399,8
16662,"31-Aug-15",0,29,"CAMPECHE",2,16,7663.5913,11,2,2,2,2,2128,228,0,3,3.601312,8
16663,"31-Aug-15",1,37,"TUXTLA GUTIERREZ",2,9,2130.7897,23,4,1,2,2,3009.6001,81,1,1,0.7079976,8
16664,"31-Aug-15",0,33,"SLP TANGAMANGA",1,2,308.50659,9,1,2,2,1,1702.4,35,1,1,0.1812186,8
16667,"31-Aug-15",0,41,"ILIADA METRO NORTE",2,13,7026.6674,16,3,1,1,1,5107.2002,88,1,1,1.375836,8
16668,"31-Aug-15",1,27,"COUNTRY CLUB",1,20,11066.103,7,1,2,2,2,5593.6001,137,1,3,1.978351,8
16669,"31-Aug-15",1,46,"CHIHUAHUA PARRAL",1,19,4553.1447,25,10,1,2,1,1520,231,0,1,2.99549,8
16670,"31-Aug-15",1,30,"TORREON COMARCA",1,2,951.46308,13,3,2,2,1,3648,98,1,3,0.2608177,8
16671,"31-Aug-15",0,28,"CRACOVIA",2,3,1884.172,10,5,1,1,1,60.799999,44,1,2,30.98967,8
16672,"31-Aug-15",1,27,"XOLA",2,6,2849.4506,9,2,1,1,1,4985.6001,93,1,1,0.5715361,8
16673,"31-Aug-15",0,29,"CUERNAVACA MORELOS",2,1,298.81692,2,1,1,1,1,14318.4,43,1,1,0.0208694,8
16675,"31-Aug-15",1,28,"PRADO CHURUBUSCO",2,15,14051.209,5,1,1,1,2,26083.199,165,1,1,0.5387073,8
16676,"31-Aug-15",0,44,"MAZATLAN",1,13,8517.1574,28,10,2,2,2,1793.6,270,0,1,4.748638,8
16677,"31-Aug-15",0,48,"LAS AGUILAS",2,23,19713.634,19,4,1,1,1,6566.3999,553,0,1,3.002198,8
16678,"31-Aug-15",1,32,"PRADO CHURUBUSCO",2,3,1389.6237,14,3,1,1,1,5593.6001,72,1,1,0.248431,8
16679,"31-Aug-15",1,40,"TIJUANA RIO",1,1,826.74765,21,4,1,1,2,1155.2,42,1,2,0.7156749,8
16682,"31-Aug-15",1,35,"MONTERREY MITRAS",1,8,2364.2795,17,2,1,2,2,5228.7998,175,1,1,0.4521649,8
16684,"31-Aug-15",0,38,"CULIACAN HUMAYA",1,1,1148.6948,24,4,1,2,2,7326.3999,14,1,1,0.1567884,8
16685,"31-Aug-15",0,56,"CRONOS",2,18,8731.3616,32,7,2,1,2,11339.2,282,0,1,0.7700157,8
16686,"31-Aug-15",0,29,"BARRANCA",2,18,9506.0039,7,2,1,1,2,4681.6001,598,0,2,2.030503,8
16689,"31-Aug-15",0,34,"VALLARTA",1,17,8737.3317,10,1,1,2,2,7235.2002,270,0,1,1.207614,8
16690,"31-Aug-15",0,28,"TOLUCA METEPEC",2,4,4087.4779,6,1,2,1,2,14835.2,57,1,1,0.2755256,8
16691,"31-Aug-15",0,30,"ALTAVISTA",2,5,640.14336,2,0,1,1,2,4955.2002,65,1,2,0.1291862,8
16693,"31-Aug-15",1,29,"ZACATECAS",1,18,12783.175,4,2,1,2,1,15321.6,249,0,2,0.8343238,8
16695,"31-Aug-15",0,32,"TLAXCALA",2,19,10396.297,16,7,2,2,2,27390.4,143,1,3,0.3795599,8
16696,"31-Aug-15",1,39,"GUADALAJARA PATRIA",1,1,390.7125,20,5,2,2,2,6140.7998,22,1,3,0.0636257,8
16698,"31-Aug-15",1,41,"CD. OBREGON",1,17,16597.467,24,9,1,2,2,11004.8,51,1,1,1.508203,8
16699,"31-Aug-15",0,29,"QUERETARO ARCOS",1,1,390.7125,11,6,1,2,1,16689.6,29,1,1,0.0234105,8
16701,"31-Aug-15",1,37,"CHIHUAHUA PARRAL",1,12,9890.6525,19,3,1,1,2,8268.7998,91,1,1,1.196141,8
16702,"31-Aug-15",1,28,"ARANDAS",1,17,6654.9591,11,2,1,2,2,34108.801,417,0,1,0.1951097,8
16703,"31-Aug-15",1,34,"CD. OBREGON",1,5,1644.1182,19,3,1,2,1,10792,80,1,1,0.152346,8
16706,"31-Aug-15",1,36,"CD. OBREGON",1,4,1734.7635,17,6,1,2,2,5107.2002,64,1,1,0.3396702,8
16707,"31-Aug-15",0,28,"JUAREZ PASO DEL NORTE",1,9,5035.5027,10,2,2,2,2,1793.6,106,1,1,2.807484,8
16708,"31-Aug-15",1,28,"CRACOVIA",2,1,283.18842,9,4,2,1,1,4377.6001,30,1,1,0.0646903,8
16709,"31-Aug-15",1,52,"CUAUTITLAN",2,17,15403.7,31,5,1,1,1,4742.3999,598,0,1,3.248081,8
16710,"31-Aug-15",1,28,"JUAREZ PASO DEL NORTE",1,8,5889.1939,10,2,2,2,1,3222.3999,112,1,1,1.82758,8
16712,"07-Sep-15",1,31,"AGUASCALIENTES",1,5,1077.4288,3,0,1,2,1,12828.8,92,1,1,0.0839852,9
16713,"07-Sep-15",0,33,"VALLE DORADO",2,17,8463.0828,14,3,1,1,1,2918.3999,275,0,1,2.899905,9
16714,"07-Sep-15",0,38,"MONTERREY CENTRO",1,14,7727.9807,16,3,2,2,1,11947.2,561,0,3,0.6468445,9
16716,"07-Sep-15",0,49,"CHIHUAHUA",1,19,17524.612,29,5,1,2,2,1033.6,591,0,1,16.95493,9
16717,"07-Sep-15",0,28,"SAN MARCOS",1,10,3215.8452,3,0,1,2,2,3648,127,1,2,0.8815365,9
16718,"07-Sep-15",1,47,"MONTERREY LAS TORRES",1,14,9338.5289,29,4,1,2,1,6900.7998,233,0,2,1.353253,9
16719,"07-Sep-15",1,24,"MONTERREY SENDERO",1,26,20548.821,1,0,2,2,2,1064,406,0,3,19.3128,9
16720,"07-Sep-15",1,27,"TAMPICO",1,9,4148.7416,2,1,2,2,1,4104,172,1,3,1.010902,9
16722,"07-Sep-15",0,48,"SAN MARCOS",1,8,3638.9399,27,9,1,2,2,11430.4,148,1,1,0.3183563,9
16724,"07-Sep-15",0,54,"MONTERREY SENDERO",1,8,6870.3824,28,4,2,2,2,3313.6001,102,1,3,2.073389,9
16725,"07-Sep-15",1,30,"MONTERREY FUNDIDORA",1,1,468.855,13,6,2,2,1,273.60001,45,1,3,1.713651,9
16726,"07-Sep-15",1,47,"MONTERREY LAS TORRES",1,15,5058.1015,26,4,2,2,2,9576,177,1,3,0.5282061,9
16727,"07-Sep-15",0,30,"CRONOS",2,12,9884.026,12,2,2,1,1,9819.2002,151,1,1,1.006602,9
16728,"07-Sep-15",1,29,"XOLA",2,15,9206.4889,1,0,1,1,2,6232,353,0,1,1.477293,9
16729,"07-Sep-15",1,51,"ILIADA METRO NORTE",2,1,468.855,30,12,1,1,2,8846.4004,23,1,1,0.0529995,9
16730,"07-Sep-15",0,28,"TAMPICO",1,16,21150.518,10,2,2,2,1,9545.5996,507,0,3,2.215735,9
16732,"07-Sep-15",1,31,"TAMPICO",1,8,2996.5148,2,0,2,1,2,182.39999,144,1,3,16.42826,9
16733,"07-Sep-15",0,25,"MONTERREY SAN PEDRO",1,13,6343.9207,7,2,1,2,1,9758.4004,151,1,1,0.6500984,9
16735,"14-Sep-15",1,50,"TIJUANA PLAYAS",1,3,4989.2423,34,14,2,2,1,182.39999,58,1,3,27.3533,9
16736,"14-Sep-15",1,50,"TIJUANA PLAYAS",1,3,4989.2423,34,8,2,2,1,8481.5996,58,1,3,0.5882431,9
16737,"14-Sep-15",0,27,"JALISCO",1,3,308.50659,1,0,2,2,2,4104,74,1,3,0.0751722,9
16738,"14-Sep-15",1,27,"MERIDA MONTEJO",2,13,1886.6725,7,1,2,2,2,5016,122,1,3,0.3761309,9
16740,"14-Sep-15",0,24,"CD. JUAREZ ATLANTIS",1,3,2086.4048,2,0,2,2,2,12251.2,70,1,3,0.1703021,9
16741,"14-Sep-15",1,38,"TIJUANA RIO",1,22,9688.6489,13,6,2,2,2,972.79999,203,0,3,9.959549,9
16742,"14-Sep-15",1,22,"TIJUANA PLAYAS",1,2,5536.7087,2,1,2,2,1,14288,70,1,3,0.3875076,9
16743,"14-Sep-15",0,35,"CHIMALISTAC",2,9,3205.4679,18,4,2,1,1,3161.6001,129,1,1,1.013875,9
16744,"14-Sep-15",0,35,"CHIMALISTAC",2,9,3205.4679,18,2,2,1,1,9272,129,1,1,0.3457148,9
16745,"14-Sep-15",0,28,"PACHUCA",2,4,2083.2791,11,2,1,1,1,2158.3999,88,1,1,0.9651961,9
16746,"14-Sep-15",1,48,"CD. JUAREZ ATLANTIS",1,18,14907.62,32,5,2,2,1,4468.7998,382,0,3,3.335934,9
16749,"14-Sep-15",0,30,"VIADUCTO",2,7,2249.5663,4,1,1,1,1,7782.3999,77,1,2,0.2890582,9
16750,"14-Sep-15",1,31,"XOLA",2,19,10128.956,5,1,1,1,2,9849.5996,584,0,1,1.028362,9
16751,"14-Sep-15",0,19,"TIJUANA RIO",1,4,1603.6404,2,0,2,2,1,4864,133,1,3,0.3296958,9
16752,"14-Sep-15",0,24,"ARANDAS",1,15,8088.6239,4,2,1,2,2,5198.3999,137,1,1,1.555983,9
16753,"14-Sep-15",0,28,"MERIDA",2,20,8352.5268,10,4,1,2,1,4651.2002,584,0,1,1.795779,9
16754,"14-Sep-15",1,39,"ILIADA METRO NORTE",2,1,109.3995,21,10,1,1,1,2979.2,28,1,1,0.0367211,9
16755,"14-Sep-15",0,34,"JUAREZ CHAMIZAL",1,19,6332.1993,19,5,2,2,2,10275.2,168,1,3,0.6162604,9
16756,"14-Sep-15",0,34,"CHIMALISTAC",2,6,1503.1491,10,2,1,1,2,15200,45,1,1,0.0988914,9
16757,"14-Sep-15",0,38,"INTERLOMAS",2,2,992.72232,24,5,1,1,1,3587.2,86,1,1,0.2767402,9
16758,"14-Sep-15",0,33,"GUADALAJARA PATRIA",1,3,1562.85,7,1,2,2,1,60.799999,59,1,3,25.70477,9
16760,"14-Sep-15",1,22,"CD. JUAREZ BARRANCAS",1,12,17793.047,3,1,2,2,1,6657.6001,136,1,3,2.672592,9
16761,"14-Sep-15",0,54,"MONTERREY VOLCAN",1,7,1204.3322,37,7,1,2,2,15321.6,70,1,1,0.0786036,9
16762,"14-Sep-15",1,29,"CRONOS",2,22,10293.868,9,2,1,1,1,12950.4,584,0,1,0.7948687,9
16763,"14-Sep-15",1,25,"TIJUANA RIO",1,16,7851.1749,7,1,2,2,1,8816,255,0,3,0.8905598,9
16765,"21-Sep-15",0,27,"CD. JUAREZ BARRANCAS",1,8,5515.9228,10,1,2,2,1,12251.2,129,1,3,0.4502353,9
16766,"21-Sep-15",0,43,"MONTERREY VALLE ALTO",1,9,4503.5086,23,13,2,1,2,8056,88,1,1,0.5590254,9
16767,"21-Sep-15",0,59,"MONTERREY MITRAS",1,15,5358.0124,26,3,2,2,2,7052.7998,221,0,3,0.7597001,9
16769,"21-Sep-15",0,34,"CHIHUAHUA PARRAL",1,9,3151.0182,16,3,2,2,1,6809.6001,74,1,1,0.4627317,9
16771,"21-Sep-15",0,24,"CHIHUAHUA",1,1,2513.0628,5,1,2,2,1,13193.6,70,1,1,0.1904759,9
16772,"21-Sep-15",1,30,"TORREON",1,1,468.855,11,2,2,2,1,9819.2002,57,1,3,0.0477488,9
16773,"21-Sep-15",0,24,"CD. JUAREZ ATLANTIS",1,6,948.14984,7,2,2,2,1,8876.7998,63,1,3,0.1068121,9
16775,"21-Sep-15",0,26,"DURANGO",1,3,2716.2333,6,1,2,2,1,3952,93,1,3,0.687306,9
16777,"21-Sep-15",0,44,"SALTILLO MONTERREAL",1,14,5722.9066,12,2,1,2,2,11704,217,0,1,0.4889702,9
16778,"21-Sep-15",1,32,"ENSENADA",1,1,78.1425,12,2,2,2,2,10366.4,35,1,3,0.0075381,9
16779,"21-Sep-15",1,31,"CHIHUAHUA PARRAL",1,21,4430.065,16,2,2,2,1,9636.7998,151,1,1,0.4597029,9
16780,"21-Sep-15",1,32,"CRONOS",2,25,13965.784,13,3,1,1,1,6536,577,0,2,2.136748,9
16781,"21-Sep-15",1,39,"SAN LUIS POTOSI",1,27,19320.702,20,9,1,2,1,9819.2002,266,0,1,1.967645,9
16782,"21-Sep-15",1,29,"MONTERREY SANTA LUCIA",1,2,2220.8099,11,2,2,2,2,27724.801,88,1,3,0.0801019,9
16783,"21-Sep-15",1,28,"TORREON COMARCA",1,12,8177.6126,12,2,1,2,2,1185.6,134,1,1,6.897447,9
16786,"21-Sep-15",1,29,"FRAY SERVANDO",2,15,17034.127,11,3,1,1,1,5107.2002,162,1,2,3.335316,9
16787,"21-Sep-15",0,30,"SLP TANGAMANGA",1,1,275.68674,7,1,2,2,2,3617.6001,44,1,1,0.0762071,9
16788,"21-Sep-15",0,28,"SATELITE",2,15,14683.601,5,1,1,1,2,9697.5996,577,0,1,1.514148,9
16789,"21-Sep-15",1,28,"TOLUCA METEPEC",2,18,11169.626,13,3,1,1,2,6536,168,1,1,1.708939,9
16790,"21-Sep-15",1,28,"JUAREZ PASO DEL NORTE",1,5,4743.6561,13,2,1,2,1,5684.7998,73,1,1,0.8344456,9
16791,"21-Sep-15",0,27,"COSTA DEL SOL",2,26,7916.5021,3,1,2,2,3,7265.6001,224,0,3,1.089587,9
16793,"21-Sep-15",1,45,"TORREON COMARCA",1,17,12550.873,24,13,2,2,1,14379.2,210,0,3,0.8728492,9
16794,"21-Sep-15",0,24,"ARANDAS",1,15,2900.212,8,1,1,2,1,152,150,1,1,19.08034,9
16796,"21-Sep-15",0,28,"CANCUN",2,1,156.285,0,0,1,2,2,7174.3999,25,1,1,0.0217837,9
16797,"21-Sep-15",0,25,"JALISCO",1,6,2294.0763,7,1,2,2,2,12737.6,93,1,3,0.1801027,9
16799,"21-Sep-15",0,30,"LAS AGUILAS",2,3,1015.8525,12,4,1,1,1,7204.7998,43,1,1,0.1409966,9
16800,"21-Sep-15",0,35,"CUERNAVACA",2,10,2367.7803,19,7,1,1,2,1611.2,154,1,2,1.469576,9
16802,"21-Sep-15",1,41,"CUERNAVACA MORELOS",2,19,6495.9548,24,4,1,1,1,91.199997,254,0,1,71.22758,9
16803,"21-Sep-15",1,31,"TOLUCA LERMA",2,3,967.09158,4,1,1,1,1,7144,119,1,1,0.1353712,9
16804,"21-Sep-15",1,25,"TORREON",1,1,347.57784,7,1,2,2,1,8572.7998,63,1,3,0.0405443,9
16805,"21-Sep-15",0,34,"DURANGO",1,19,13091.119,9,2,2,2,1,2067.2,577,0,1,6.332778,9
16806,"21-Sep-15",0,32,"CHIMALISTAC",2,2,819.55854,12,5,1,1,1,2675.2,71,1,1,0.3063541,9
16807,"21-Sep-15",0,33,"VERACRUZ",2,27,7801.7785,17,3,1,2,1,17510.4,577,0,1,0.4455511,9
16809,"21-Sep-15",0,24,"DURANGO",1,16,14710.794,2,1,2,2,1,4286.3999,312,0,1,3.43197,9
16810,"21-Sep-15",1,34,"COSTA DEL SOL",2,17,8869.4238,5,2,1,2,2,2888,140,1,1,3.07113,9
16811,"21-Sep-15",1,33,"TORREON",1,14,11351.917,17,2,2,2,1,1550.4,231,0,3,7.321928,9
16812,"21-Sep-15",1,28,"ENSENADA",1,24,13645.306,8,1,2,2,2,851.20001,577,0,3,16.03067,9
16813,"21-Sep-15",1,31,"MONTERREY SAN NICOLAS",1,7,2520.752,6,1,2,2,2,9363.2002,158,1,3,0.2692191,9
16814,"21-Sep-15",1,29,"SALTILLO",1,1,234.4275,10,2,1,2,2,10305.6,65,1,1,0.0227476,9
16816,"21-Sep-15",0,32,"HAMBURGO",2,5,3235.5371,13,2,1,1,1,14105.6,88,1,1,0.2293796,9
16820,"21-Sep-15",1,33,"PUERTO",2,2,642.64392,15,2,2,1,1,7660.7998,66,1,1,0.0838873,9
16821,"28-Sep-15",1,52,"MERIDA MONTEJO",2,15,4614.0333,27,5,1,2,3,486.39999,270,0,1,9.486089,9
16823,"28-Sep-15",0,25,"COUNTRY CLUB",1,10,7468.2975,6,3,2,2,2,2158.3999,133,1,3,3.460108,9
16824,"28-Sep-15",0,28,"JUAREZ PASO DEL NORTE",1,2,827.37279,6,1,1,2,1,4316.7998,65,1,2,0.1916635,9
16825,"28-Sep-15",0,32,"QUERETARO ARCOS",1,16,6690.2483,11,2,1,2,1,2188.8,570,0,1,3.056583,9
16826,"28-Sep-15",0,33,"PRAGA",2,1,1062.738,11,1,2,1,2,9515.2002,74,1,1,0.1116885,9
16827,"28-Sep-15",0,24,"TIJUANA CACHANILLA",1,4,2850.951,8,2,1,2,1,8299.2002,102,1,2,0.3435212,9
16829,"28-Sep-15",0,35,"FRAY SERVANDO",2,2,1526.9044,17,3,1,1,1,4164.7998,21,1,1,0.3666213,9
16830,"28-Sep-15",0,35,"QUERETARO ARCOS",1,17,19657.027,15,6,1,2,1,10244.8,570,0,1,1.918732,9
16831,"28-Sep-15",0,32,"SATELITE",2,3,1153.0707,12,2,1,1,2,942.40002,64,1,1,1.223547,9
16832,"28-Sep-15",1,25,"MONTERREY SANTA LUCIA",1,17,5287.5591,6,2,2,2,1,10032,476,0,3,0.5270693,9
16833,"28-Sep-15",0,44,"LEON",1,16,4086.8528,28,4,2,2,2,3009.6001,198,0,1,1.357939,9
16834,"28-Sep-15",1,33,"ARAGON",2,1,507.92625,14,2,2,1,2,3344,43,1,1,0.1518918,9
16836,"28-Sep-15",0,36,"CORREGIDORA",1,20,10351.756,18,3,1,2,1,1520,207,0,1,6.810366,9
16838,"28-Sep-15",1,28,"PERINORTE",2,4,824.18458,10,4,1,1,1,8785.5996,119,1,1,0.0938108,9
16840,"28-Sep-15",0,31,"VIADUCTO",2,1,1034.6067,11,4,1,1,1,7752,31,1,1,0.1334632,9
16841,"28-Sep-15",1,25,"QUERETARO ARCOS",1,4,1415.9421,5,3,1,2,1,4712,116,1,1,0.3004971,9
16842,"28-Sep-15",1,38,"MONTERREY CUMBRES",1,11,4252.7649,25,5,1,2,1,15169.6,116,1,1,0.2803479,9
16847,"28-Sep-15",0,29,"MONTERREY MITRAS",1,19,6163.6929,13,2,2,2,1,14835.2,463,0,3,0.4154776,9
16848,"28-Sep-15",1,30,"BAJIO",1,33,21803.32,13,3,2,2,1,15078.4,499,0,3,1.445997,9
16849,"28-Sep-15",1,35,"MONTERREY MITRAS",1,11,1703.0064,18,4,1,2,1,2857.6001,136,1,1,0.5959569,9
16850,"28-Sep-15",1,28,"MARINA NACIONAL",2,4,2578.7025,6,1,2,1,1,364.79999,113,1,1,7.068812,9
16851,"28-Sep-15",1,28,"MARINA NACIONAL",2,4,2578.7025,6,2,2,1,1,9576,113,1,1,0.2692881,9
16852,"28-Sep-15",0,32,"LEON",1,21,7718.3535,7,2,2,2,1,11916.8,129,1,1,0.6476868,9
16853,"28-Sep-15",1,25,"CHIHUAHUA PARRAL",1,2,2819.3814,6,1,2,2,2,5958.3999,77,1,3,0.4731776,9
16854,"28-Sep-15",0,23,"JUAREZ PASO DEL NORTE",1,15,10459.061,2,0,1,2,2,12251.2,570,0,1,0.8537173,9
16855,"28-Sep-15",0,31,"TOREO",2,3,637.6428,13,4,2,1,2,8785.5996,106,1,1,0.0725782,9
16856,"28-Sep-15",0,53,"GUADALAJARA PATRIA",1,18,10767.63,35,6,1,2,1,1459.2,570,0,1,7.379133,9
16861,"28-Sep-15",1,30,"SAN ANGEL",2,3,406.65357,13,2,1,1,1,1246.4,31,1,2,0.3262625,9
16862,"28-Sep-15",1,28,"JUAREZ PASO DEL NORTE",1,3,1062.738,8,1,1,2,2,4681.6001,44,1,1,0.2270032,9
16863,"28-Sep-15",0,54,"MONTERREY CUMBRES",1,14,16475.877,30,6,1,2,1,5380.7998,570,0,1,3.061975,9
16864,"28-Sep-15",1,54,"LEON",1,9,2044.0828,31,3,1,2,2,6353.6001,112,1,1,0.3217204,9
16865,"05-Oct-15",0,32,"JUAREZ PASO DEL NORTE",1,22,55821.376,18,4,2,2,1,10244.8,563,0,3,5.448752,10
16866,"05-Oct-15",0,29,"SALTILLO",1,1,12.5028,13,3,2,2,1,10244.8,64,1,1,0.0012204,10
16867,"05-Oct-15",0,33,"ATLIXCO",2,17,10777.914,12,2,2,2,2,6171.2002,563,0,3,1.746486,10
16868,"05-Oct-15",1,25,"CULIACAN",1,2,1119.0006,1,0,2,2,2,1337.6,84,1,1,0.8365734,10
16870,"05-Oct-15",0,27,"ARAGON",2,1,1008.3508,8,2,1,1,1,4499.2002,52,1,1,0.2241178,10
16871,"05-Oct-15",0,43,"ARAGON",2,21,16006.928,24,2,1,1,1,9028.7998,357,0,1,1.772874,10
16872,"05-Oct-15",1,27,"MONTERREY LAS TORRES",1,5,1352.1153,9,2,2,2,1,35233.602,73,1,3,0.0383757,10
16873,"05-Oct-15",1,37,"TIJUANA RIO",1,15,3187.4638,20,4,2,2,2,5624,185,0,3,0.566761,10
16874,"05-Oct-15",0,29,"TULUM",2,2,900.2016,9,1,1,2,2,13315.2,30,1,2,0.0676071,10
16875,"05-Oct-15",1,43,"CONDESA",2,17,7443.542,13,4,1,1,2,2462.3999,394,0,2,3.022881,10
16876,"05-Oct-15",0,35,"CUERNAVACA",2,9,4252.4523,16,3,1,1,2,2888,184,0,2,1.472456,10
16877,"05-Oct-15",1,32,"GUADALAJARA CENTRO",1,14,5534.4894,14,4,2,2,2,13953.6,361,0,3,0.3966352,10
16878,"05-Oct-15",0,31,"VERACRUZ",2,1,100.52251,14,4,1,2,2,3161.6001,95,1,2,0.0317948,10
16879,"05-Oct-15",0,43,"SAN ANGEL",2,1,62.514,2,1,2,1,3,9758.4004,71,1,1,0.0064062,10
16881,"05-Oct-15",1,45,"TAMPICO ALTAMIRA",1,5,2828.946,19,4,1,2,2,547.20001,105,1,1,5.169858,10
16882,"05-Oct-15",1,39,"TRADE CENTER",2,7,6627.1717,15,4,1,1,1,4560,130,1,1,1.453327,10
16884,"05-Oct-15",1,27,"HERMOSILLO PITIC",1,16,11524.768,3,1,1,1,2,13102.4,197,0,1,0.8795921,10
16887,"05-Oct-15",1,32,"COSTA DEL SOL",2,16,3055.7468,13,5,1,2,1,18665.6,219,0,1,0.1637101,10
16889,"05-Oct-15",0,39,"PUEBLA LA NORIA",2,21,6817.4643,22,5,1,2,1,9089.5996,323,0,1,0.7500291,10
16891,"05-Oct-15",0,32,"TLAXCALA",2,14,7546.7526,14,3,1,2,2,6080,563,0,1,1.241242,10
16892,"05-Oct-15",0,34,"CRACOVIA",2,1,437.598,16,6,1,1,1,1276.8,59,1,1,0.3427303,10
16893,"05-Oct-15",0,27,"SALTILLO MONTERREAL",1,21,3085.1909,7,1,2,2,2,6627.2002,175,1,3,0.4655346,10
16899,"05-Oct-15",1,34,"VERACRUZ",2,19,8306.4227,11,2,1,2,2,4833.6001,154,1,1,1.718475,10
16900,"05-Oct-15",1,28,"TIJUANA CACHANILLA",1,4,1085.243,10,2,2,2,2,5046.3999,120,1,3,0.2150529,10
16901,"05-Oct-15",1,30,"TAMPICO ALTAMIRA",1,4,1781.8053,6,2,2,2,2,5107.2002,79,1,3,0.348881,10
16902,"05-Oct-15",0,41,"TAMPICO ALTAMIRA",1,16,10174.841,14,3,2,2,1,1793.6,563,0,3,5.67286,10
16903,"05-Oct-15",1,34,"SAN ANGEL",2,21,10497.101,8,3,1,1,2,14865.6,218,0,1,0.7061337,10
16905,"05-Oct-15",0,30,"ATLIXCO",2,3,1112.7492,13,7,2,2,2,4012.8,99,1,3,0.2772999,10
16907,"05-Oct-15",0,28,"MONTERREY LAS TORRES",1,19,6448.9442,11,3,1,2,2,10062.4,399,0,1,0.6408952,10
16909,"05-Oct-15",0,31,"TAMPICO ALTAMIRA",1,12,6440.3173,10,3,2,2,1,8056,143,1,3,0.7994435,10
16910,"05-Oct-15",1,34,"EJERCITO",2,1,81.2682,17,5,1,1,1,4377.6001,74,1,1,0.0185646,10
16912,"05-Oct-15",1,27,"TORREON COMARCA",1,4,1973.9421,6,1,2,2,2,820.79999,140,1,3,2.4049,10
16913,"05-Oct-15",0,29,"CULIACAN HUMAYA",1,1,78.1425,9,4,1,2,2,3708.8,56,1,1,0.0210695,10
16916,"05-Oct-15",0,35,"EJERCITO",2,3,2238.6263,19,4,1,1,1,7660.7998,94,1,1,0.2922184,10
16917,"05-Oct-15",0,22,"MONTERREY GUADALUPE",1,8,6106.9927,4,1,2,2,1,14379.2,98,1,3,0.4247102,10
16918,"05-Oct-15",0,57,"JUAREZ CHAMIZAL",1,20,7436.6654,32,19,2,2,2,1824,162,1,3,4.077119,10
16919,"05-Oct-15",1,36,"ATLIXCO",2,16,5918.3254,10,2,1,2,2,1550.4,326,0,1,3.817289,10
16920,"05-Oct-15",0,30,"PACHUCA",2,26,9015.269,4,2,1,1,2,5928,409,0,1,1.520794,10
16921,"05-Oct-15",1,41,"COSTA DEL SOL",2,1,62.514,25,3,2,2,1,13345.6,35,1,1,0.0046842,10
16922,"05-Oct-15",1,26,"CHAPALA",1,1,50.0112,8,2,2,2,2,2918.3999,60,1,3,0.0171365,10
16923,"05-Oct-15",1,52,"CD. JUAREZ BARRANCAS",1,17,9176.4301,32,7,1,2,2,304,261,0,1,30.18563,10
16924,"05-Oct-15",1,52,"CD. JUAREZ BARRANCAS",1,17,9176.4301,32,12,1,2,2,8724.7998,261,0,1,1.051764,10
16925,"05-Oct-15",0,26,"JALISCO",1,3,481.67037,8,3,2,2,2,2067.2,79,1,3,0.2330062,10
16926,"05-Oct-15",1,52,"VIVEROS",2,12,8472.5224,27,6,1,1,2,4012.8,144,1,1,2.111374,10
16927,"12-Oct-15",1,27,"METRO CENTRO",2,17,9452.992,12,6,1,1,1,3982.3999,147,1,1,2.373692,10
16928,"12-Oct-15",0,31,"DURANGO",1,3,1578.7286,13,3,2,2,1,5228.7998,91,1,3,0.3019294,10
16929,"12-Oct-15",1,41,"DURANGO",1,7,1665.373,24,3,2,2,2,3708.8,196,0,3,0.4490328,10
16930,"12-Oct-15",0,38,"EJERCITO",2,2,427.59576,2,1,1,1,1,3800,56,1,1,0.1125252,10
16932,"12-Oct-15",1,26,"GUANAJUATO",1,1,93.771,5,1,1,2,1,6384,51,1,1,0.0146884,10
16933,"12-Oct-15",0,25,"LEON",1,31,17746.724,7,1,1,2,2,2736,219,0,1,6.486376,10
16934,"12-Oct-15",0,29,"CD. JUAREZ BARRANCAS",1,3,847.9399,6,1,2,2,2,3739.2,91,1,3,0.2267704,10
16935,"12-Oct-15",1,31,"GUADALAJARA CENTRO",1,1,75.0168,15,4,1,2,2,4803.2002,36,1,1,0.0156181,10
16939,"12-Oct-15",0,29,"CHIHUAHUA PARRAL",1,18,5354.5742,9,3,2,2,1,3952,210,0,1,1.354902,10
16942,"12-Oct-15",0,32,"CUAUTITLAN",2,25,12527.931,15,3,1,1,1,2128,270,0,2,5.887186,10
16943,"12-Oct-15",1,37,"VIADUCTO",2,1,837.6876,21,6,1,1,1,10275.2,44,1,1,0.0815252,10
16944,"12-Oct-15",0,29,"MONTERREY LEONES",1,19,6645.3632,11,6,2,2,1,2523.2,200,0,3,2.633705,10
16946,"12-Oct-15",1,41,"DURANGO",1,14,6951.3067,26,3,2,2,2,10518.4,247,0,3,0.6608711,10
16947,"12-Oct-15",0,28,"GUADALAJARA PATRIA",1,16,7432.2895,10,2,1,2,2,2097.6001,556,0,1,3.543235,10
16949,"12-Oct-15",1,26,"CHIHUAHUA",1,8,5586.8762,3,1,1,2,1,12281.6,98,1,1,0.4548981,10
16950,"12-Oct-15",1,24,"JUAREZ PASO DEL NORTE",1,11,9266.8253,4,1,1,2,1,2705.6001,135,1,1,3.425054,10
16951,"12-Oct-15",1,24,"JUAREZ PASO DEL NORTE",1,2,2996.9212,1,0,2,2,2,8846.4004,66,1,3,0.338773,10
16952,"12-Oct-15",0,27,"BAJIO",1,8,4822.5175,2,0,1,2,1,7569.6001,169,1,1,0.6370901,10
16955,"12-Oct-15",0,44,"CD. JUAREZ BARRANCAS",1,20,27740.087,25,5,1,2,2,10032,318,0,2,2.76516,10
16957,"12-Oct-15",0,25,"BAJIO",1,4,2545.7576,4,1,2,2,2,4590.3999,49,1,3,0.554583,10
16958,"12-Oct-15",1,31,"MONTERREY FUNDIDORA",1,19,13519.028,11,5,2,2,1,5198.3999,358,0,3,2.600613,10
16961,"12-Oct-15",1,27,"JUAREZ PASO DEL NORTE",1,11,8172.2052,12,3,2,2,1,9059.2002,175,1,3,0.9020891,10
16962,"19-Oct-15",0,24,"CULIACAN",1,2,486.10886,7,2,2,2,2,9059.2002,65,1,3,0.0536591,10
16963,"19-Oct-15",0,27,"SALTILLO",1,1,50.0112,10,2,2,2,2,5502.3999,150,1,3,0.009089,10
16964,"19-Oct-15",1,24,"CHIHUAHUA VILLA",1,3,1239.5276,7,1,2,2,1,9758.4004,84,1,3,0.1270216,10
16965,"19-Oct-15",0,32,"CULIACAN",1,10,3801.9765,14,3,1,2,2,7721.6001,164,1,2,0.4923819,10
16966,"19-Oct-15",0,32,"CULIACAN",1,10,3801.9765,14,5,1,2,2,2766.3999,164,1,2,1.374341,10
16967,"19-Oct-15",1,26,"CONDESA",2,8,5687.5237,9,2,1,1,1,14835.2,140,1,1,0.3833803,10
16968,"19-Oct-15",0,27,"CUERNAVACA MORELOS",2,1,162.5364,1,0,2,1,1,10792,38,1,1,0.0150608,10
16971,"19-Oct-15",1,27,"SALTILLO",1,5,1189.3289,10,2,2,2,1,9940.7998,86,1,3,0.1196412,10
16972,"19-Oct-15",1,26,"SALTILLO",1,20,8374.8756,4,2,2,2,2,9059.2002,549,0,3,0.9244608,10
16974,"19-Oct-15",1,34,"MARINA NACIONAL",2,4,1840.6622,18,3,1,1,2,334.39999,49,1,1,5.504373,10
16975,"19-Oct-15",1,35,"CANCUN",2,4,1026.6674,11,2,1,2,2,10184,87,1,1,0.1008118,10
16976,"19-Oct-15",0,24,"CULIACAN HUMAYA",1,1,30.506832,7,1,2,2,2,6809.6001,112,1,3,0.00448,10
16977,"19-Oct-15",1,29,"MARINA NACIONAL",2,15,14510.75,9,4,2,1,1,30.4,500,0,1,477.3273,10
16980,"19-Oct-15",1,39,"MEXICALI IMPERIAL",1,20,10081.258,24,6,1,2,2,3921.6001,312,0,1,2.5707,10
16981,"19-Oct-15",0,44,"MONTERREY SAN PEDRO",1,3,2053.7099,25,10,1,2,1,1945.6,100,1,1,1.055566,10
16982,"19-Oct-15",0,24,"GUADALAJARA PATRIA",1,7,4220.0701,5,1,1,2,2,6718.3999,85,1,1,0.6281362,10
16983,"19-Oct-15",0,22,"VERACRUZ",2,14,9553.0144,3,1,2,2,1,22070.4,549,0,3,0.4328428,10
16984,"19-Oct-15",1,28,"CULIACAN HUMAYA",1,7,1295.6652,8,1,2,2,2,851.20001,106,1,3,1.522163,10
16985,"19-Oct-15",1,29,"MEXICALI",1,20,11432.31,10,4,2,1,2,4468.7998,323,0,3,2.558251,10
16986,"19-Oct-15",1,34,"COSTA DEL SOL",2,10,1251.5303,7,3,2,2,2,2401.6001,65,1,3,0.5211235,10
16989,"19-Oct-15",1,37,"COLIMA",1,2,384.33607,16,5,1,2,1,3617.6001,30,1,2,0.1062406,10
16990,"19-Oct-15",1,32,"TIJUANA PLAYAS",1,16,6826.6538,12,3,2,2,1,9971.2002,162,1,3,0.6846371,10
16991,"19-Oct-15",1,28,"MARINA NACIONAL",2,1,312.57,1,0,1,1,1,7448,49,1,1,0.041967,10
16993,"19-Oct-15",1,43,"JUAREZ CHAMIZAL",1,1,390.7125,23,5,1,2,2,2675.2,24,1,2,0.1460498,10
16995,"19-Oct-15",1,34,"EL SALTO",1,4,1963.8148,18,3,1,2,2,3283.2,101,1,1,0.5981405,10
16996,"19-Oct-15",0,29,"PRAGA",2,1,1654.1204,12,2,1,1,1,152,52,1,1,10.88237,10
16998,"19-Oct-15",0,37,"VALLE DORADO",2,22,18655.553,22,6,1,1,1,8755.2002,392,0,1,2.130797,10
17000,"19-Oct-15",0,37,"COLIMA",1,3,646.39476,23,4,2,2,2,3465.6001,121,1,1,0.1865174,10
17001,"19-Oct-15",1,25,"MERIDA",2,2,887.6988,6,1,2,2,2,2675.2,59,1,3,0.3318252,10
17003,"19-Oct-15",0,37,"SAN ANGEL",2,22,7696.7237,18,8,1,1,2,1824,238,0,2,4.219695,10
17004,"19-Oct-15",1,35,"EL SALTO",1,9,6518.7099,18,5,1,2,2,1216,108,1,1,5.360781,10
17006,"19-Oct-15",1,54,"MONTERREY VALLE ALTO",1,1,304.0681,37,9,1,2,2,35659.199,86,1,1,0.0085271,10
17007,"19-Oct-15",1,32,"MERIDA",2,17,4028.5272,10,4,1,2,2,9606.4004,284,0,1,0.4193587,10
17009,"19-Oct-15",1,35,"SAN ANGEL",2,12,5993.6965,14,3,1,1,2,9484.7998,163,1,1,0.6319265,10
17010,"19-Oct-15",0,31,"AGUASCALIENTES",1,4,890.94953,7,2,1,2,2,3617.6001,56,1,1,0.2462819,10
17011,"19-Oct-15",1,30,"PERINORTE",2,1,921.45636,12,2,1,1,1,425.60001,50,1,2,2.165076,10
17012,"19-Oct-15",1,30,"PERINORTE",2,1,921.45636,12,2,1,1,1,2827.2,50,1,2,0.3259254,10
17013,"19-Oct-15",1,31,"PERINORTE",2,2,1489.0835,6,1,1,1,2,8968,53,1,1,0.1660441,10
17015,"19-Oct-15",0,28,"MONTERREY MITRAS",1,1,228.80124,2,1,2,2,1,5289.6001,127,1,3,0.0432549,10
17016,"19-Oct-15",0,40,"CUAUTITLAN",2,8,2807.8788,19,7,1,1,1,7326.3999,106,1,1,0.3832549,10
17017,"19-Oct-15",1,38,"PRADO CHURUBUSCO",2,4,1058.9872,18,4,1,1,1,1064,81,1,1,0.9952887,10
17018,"19-Oct-15",1,35,"PRAGA",2,4,1182.0147,17,4,1,1,2,7843.2002,122,1,1,0.1507057,10
17019,"19-Oct-15",0,27,"NUEVO LAREDO",1,9,2249.6288,10,2,1,2,2,2948.8,114,1,1,0.7628964,10
17023,"19-Oct-15",1,25,"JUAREZ CHAMIZAL",1,1,150.78377,1,0,2,2,2,1094.4,24,1,3,0.1377776,10
17024,"19-Oct-15",1,46,"AGUASCALIENTES",1,3,425.0952,28,8,1,2,1,5441.6001,56,1,1,0.0781195,10
17025,"19-Oct-15",1,39,"GUADALAJARA TONALA",1,7,2605.9586,20,4,1,2,1,3648,263,0,1,0.7143527,10
17026,"19-Oct-15",1,28,"ILIADA METRO NORTE",2,21,20180.019,10,6,1,1,2,6566.3999,549,0,1,3.073224,10
17027,"19-Oct-15",1,27,"GUADALAJARA TONALA",1,2,738.91548,7,1,2,2,2,4651.2002,66,1,3,0.1588656,10
17028,"19-Oct-15",0,41,"SALTILLO",1,8,4017.2538,23,5,1,2,2,2219.2,87,1,1,1.810226,10
17029,"19-Oct-15",0,38,"SALTILLO",1,4,909.95378,17,3,1,2,2,6384,87,1,1,0.1425366,10
17030,"19-Oct-15",0,30,"CULIACAN",1,6,2506.3113,10,4,1,2,2,9940.7998,119,1,2,0.2521237,10
17031,"19-Oct-15",1,26,"VERACRUZ",2,8,1252.1554,8,2,2,2,2,4772.7998,77,1,3,0.2623524,10
17032,"26-Oct-15",0,28,"HERMOSILLO PITIC",1,3,2201.9931,9,1,2,2,2,2827.2,63,1,1,0.7788601,10
17033,"26-Oct-15",1,26,"TUXTLA GUTIERREZ",2,6,1750.715,8,1,1,2,1,4377.6001,109,1,1,0.3999257,10
17034,"26-Oct-15",0,35,"EL SALTO",1,10,4337.3463,13,6,2,2,2,5654.3999,169,1,3,0.7670746,10
17035,"26-Oct-15",1,35,"MONTERREY MITRAS",1,9,4305.2142,18,4,2,2,2,21036.801,114,1,3,0.2046516,10
17036,"26-Oct-15",0,55,"ENSENADA",1,19,11170.825,36,8,2,2,2,1094.4,542,0,3,10.20726,10
17037,"26-Oct-15",1,32,"JALISCO",1,1,201.04502,14,3,1,2,2,456,43,1,1,0.4408882,10
17038,"26-Oct-15",0,27,"MONTERREY SAN PEDRO",1,19,24057.763,7,1,2,2,1,5928,542,0,3,4.058327,10
17039,"26-Oct-15",0,30,"ENSENADA",1,15,7356.5225,12,2,2,2,1,15200,336,0,3,0.4839817,10
17040,"26-Oct-15",1,38,"CHAPULTEPEC",2,3,3503.2846,6,1,1,1,1,7478.3999,42,1,1,0.4684538,10
17041,"26-Oct-15",1,33,"CHAPALA",1,1,650.1456,10,2,2,2,2,1641.6,24,1,3,0.3960439,10
17042,"26-Oct-15",1,49,"CORREGIDORA",1,20,8899.9932,31,4,1,2,2,14136,129,1,1,0.6295977,10
17043,"26-Oct-15",0,37,"QUERETARO ACUEDUCTO",1,7,2279.2604,22,5,1,1,2,2432,108,1,1,0.9371959,10
17046,"26-Oct-15",1,33,"SEVILLA",2,15,8513.4066,15,5,1,1,1,1337.6,218,0,1,6.364688,10
17047,"26-Oct-15",0,38,"OLIMPO",2,20,13662.685,23,4,1,1,2,3131.2,542,0,1,4.363402,10
17048,"26-Oct-15",0,36,"PERINORTE",2,3,1552.8478,20,5,1,1,1,14774.4,92,1,1,0.1051039,10
17050,"26-Oct-15",0,29,"POLANCO",2,1,1654.1204,10,5,1,1,2,851.20001,56,1,1,1.943281,10
17052,"26-Oct-15",1,27,"BAJIO",1,4,1788.0254,8,3,1,2,1,18361.6,108,1,1,0.0973785,10
17053,"26-Oct-15",0,30,"LAS AGUILAS",2,1,850.1904,12,3,1,1,1,4894.3999,56,1,1,0.1737068,10
17054,"26-Oct-15",1,49,"HERMOSILLO PITIC",1,19,10577.119,33,7,2,2,1,5806.3999,213,0,3,1.821631,10
17055,"26-Oct-15",1,29,"TUXTLA GUTIERREZ",2,5,2116.724,10,3,2,2,2,1915.2,123,1,3,1.105224,10
17056,"26-Oct-15",1,31,"COATZACOALCOS",2,21,14569.138,5,1,2,2,2,7448,542,0,3,1.956114,10
17057,"26-Oct-15",0,38,"OLIMPO",2,24,14547.008,20,4,1,1,1,7752,542,0,1,1.876549,10
17058,"26-Oct-15",1,28,"CONDESA",2,30,12260.121,10,1,1,1,1,6566.3999,259,0,2,1.867099,10
17059,"26-Oct-15",0,31,"ARAGON",2,2,431.3466,12,2,1,1,1,1520,70,1,1,0.2837807,10
17062,"26-Oct-15",1,34,"NOGALES",1,6,2373.0314,14,3,1,2,2,972.79999,112,1,1,2.439383,10
17063,"26-Oct-15",0,26,"VERACRUZ",2,17,1999.3227,5,3,1,2,1,8907.2002,182,0,1,0.2244614,10
17065,"26-Oct-15",1,22,"JUAREZ CHAMIZAL",1,10,2890.2723,5,1,2,2,1,3222.3999,80,1,3,0.8969316,10
17066,"26-Oct-15",0,43,"NOGALES",1,7,2555.9474,27,11,1,2,2,4499.2002,95,1,1,0.5680893,10
17068,"26-Oct-15",1,27,"JALISCO",1,20,14659.033,9,2,1,2,1,6171.2002,542,0,1,2.375394,10
17070,"26-Oct-15",1,32,"CD. JUAREZ ATLANTIS",1,3,704.1577,16,4,2,2,1,1976,50,1,3,0.3563551,10
17071,"26-Oct-15",0,42,"TIJUANA RIO",1,20,10764.286,28,11,2,2,1,13680,213,0,3,0.786863,10
17072,"26-Oct-15",0,42,"ENSENADA",1,16,6758.6386,26,4,2,2,2,1763.2,189,0,3,3.833166,10
17073,"26-Oct-15",1,31,"JUAREZ PASO DEL NORTE",1,6,3124.4497,11,4,1,1,2,6323.2002,176,1,2,0.4941247,10
17074,"26-Oct-15",1,25,"CHIHUAHUA PARRAL",1,1,87.5196,2,1,2,2,1,1064,94,1,3,0.0822553,10
17076,"26-Oct-15",1,31,"SOTELO",2,13,13366.368,14,4,1,1,1,1641.6,133,1,1,8.142282,10
17077,"26-Oct-15",1,37,"HAMBURGO",2,20,11887.537,22,8,1,1,1,9180.7998,207,0,2,1.294826,10
17078,"26-Oct-15",0,31,"MARINA NACIONAL",2,1,500.112,12,2,1,1,2,1580.8,32,1,1,0.3163664,10
17079,"26-Oct-15",1,31,"CHIHUAHUA",1,11,3934.5061,12,2,1,1,1,9576,121,1,1,0.4108716,10
17080,"26-Oct-15",1,28,"GUADALAJARA PATRIA",1,2,527.11805,8,3,2,2,2,19729.6,53,1,3,0.0267171,10
17081,"26-Oct-15",1,39,"COSTA DEL SOL",2,5,347.8279,16,2,2,2,2,13528,80,1,3,0.0257117,10
17083,"02-Nov-15",1,45,"MERIDA MONTEJO",2,21,13437.509,23,9,1,2,2,304,297,0,1,44.20233,11
17084,"02-Nov-15",1,35,"MONTERREY VOLCAN",1,9,4496.757,11,2,1,2,1,516.79999,119,1,1,8.701156,11
17085,"02-Nov-15",0,30,"OLIMPO",2,4,1462.8276,10,3,1,1,2,6171.2002,42,1,1,0.237041,11
17088,"02-Nov-15",0,25,"CHIHUAHUA PARRAL",1,14,8276.3535,1,0,2,2,2,11096,176,1,3,0.7458862,11
17089,"02-Nov-15",1,28,"MONTERREY LAS TORRES",1,12,4766.2653,5,1,2,2,2,4286.3999,238,0,1,1.111951,11
17090,"02-Nov-15",1,24,"CHIHUAHUA PARRAL",1,1,283.31345,2,1,2,2,1,1398.4,72,1,3,0.2025983,11
17093,"02-Nov-15",0,30,"CAMPECHE",2,13,8928.2495,4,1,2,1,1,8998.4004,235,0,3,0.9922041,11
17096,"02-Nov-15",1,41,"CD. JUAREZ ATLANTIS",1,14,8029.7462,22,9,2,2,2,668.79999,116,1,3,12.0062,11
17097,"02-Nov-15",0,40,"CONDESA",2,7,4667.7954,15,3,1,1,1,6414.3999,109,1,1,0.7277057,11
17098,"02-Nov-15",0,52,"CHIHUAHUA PARRAL",1,4,861.44292,34,7,2,2,2,8694.4004,108,1,1,0.0990802,11
17099,"02-Nov-15",0,52,"CHIHUAHUA PARRAL",1,4,861.44292,34,8,2,2,2,1550.4,108,1,1,0.5556262,11
17100,"02-Nov-15",1,33,"MONTERREY TECNOLOGICO",1,16,7985.2883,10,3,1,2,1,13923.2,298,0,1,0.5735239,11
17102,"02-Nov-15",0,41,"MARINA NACIONAL",2,21,12674.338,15,3,1,1,1,6049.6001,535,0,1,2.09507,11
17105,"02-Nov-15",0,41,"TULUM",2,18,7005.3188,23,4,1,2,2,17419.199,305,0,1,0.4021608,11
17106,"02-Nov-15",0,35,"CHIHUAHUA PARRAL",1,10,3018.3009,20,7,1,2,1,7904,115,1,1,0.3818701,11
17107,"02-Nov-15",0,42,"CUERNAVACA",2,20,10912.517,21,3,2,1,1,7356.7998,304,0,1,1.483324,11
17108,"02-Nov-15",0,38,"OLIMPO",2,16,12154.222,20,5,1,1,2,2523.2,535,0,1,4.816987,11
17109,"02-Nov-15",1,37,"GUADALAJARA CENTRO",1,1,147.03293,9,2,1,2,2,33044.801,56,1,1,0.0044495,11
17110,"02-Nov-15",0,31,"CD. JUAREZ ATLANTIS",1,6,1758.5188,15,4,2,2,2,1702.4,77,1,1,1.032964,11
17111,"02-Nov-15",1,24,"REYNOSA FRONTERA",1,12,9540.6366,4,1,2,2,1,6171.2002,175,1,1,1.545994,11
17112,"02-Nov-15",1,30,"MONTE ALBAN",2,4,4709.6797,9,2,2,2,2,11339.2,67,1,3,0.415345,11
17113,"02-Nov-15",0,25,"JUAREZ PASO DEL NORTE",1,1,91.89558,6,1,1,2,1,5411.2002,52,1,1,0.0169825,11
17115,"02-Nov-15",1,27,"BARRANCA",2,6,2157.3581,5,2,1,1,1,3982.3999,84,1,1,0.5417231,11
17116,"02-Nov-15",1,37,"CD. JUAREZ ATLANTIS",1,19,5372.0781,24,8,1,2,1,4012.8,175,1,1,1.338736,11
17117,"02-Nov-15",1,46,"GUADALAJARA PATRIA",1,2,2472.6788,30,5,1,2,2,11126.4,50,1,1,0.2222353,11
17118,"02-Nov-15",1,46,"GUADALAJARA PATRIA",1,2,2472.6788,30,6,1,2,2,7417.6001,50,1,1,0.3333529,11
17119,"02-Nov-15",0,25,"TORREON COMARCA",1,3,453.35153,3,0,2,2,2,15291.2,92,1,3,0.0296479,11
17120,"02-Nov-15",1,38,"GUADALAJARA AJIJIC",1,15,5193.6631,15,4,1,2,2,9788.7998,535,0,1,0.530572,11
17121,"02-Nov-15",0,25,"MONTE ALBAN",2,2,459.60293,2,0,2,2,2,9576,73,1,3,0.0479953,11
17123,"02-Nov-15",1,49,"MONTERREY SAN NICOLAS",1,10,7032.4499,29,14,1,2,1,2128,141,1,2,3.304723,11
17127,"02-Nov-15",0,29,"SATELITE",2,5,4514.1359,1,0,1,1,2,2857.6001,87,1,2,1.579695,11
17128,"02-Nov-15",0,37,"ARANDAS",1,5,1699.6306,22,5,1,2,1,9332.7998,67,1,1,0.1821137,11
17131,"02-Nov-15",1,33,"CRACOVIA",2,2,2605.0834,8,2,2,1,1,10001.6,70,1,1,0.2604667,11
17132,"02-Nov-15",1,35,"ALTAVISTA",2,3,2455.5499,3,1,1,1,2,395.20001,77,1,1,6.213436,11
17133,"02-Nov-15",1,25,"CAMPECHE",2,5,2682.8508,6,3,2,2,1,5897.6001,142,1,3,0.4549055,11
17135,"09-Nov-15",0,29,"CHIHUAHUA PARRAL",1,5,737.54017,8,1,1,2,2,4681.6001,92,1,1,0.1575402,11
17136,"09-Nov-15",1,27,"COUNTRY CLUB",1,1,753.91884,7,1,2,2,2,13953.6,22,1,3,0.0540304,11
17139,"09-Nov-15",1,43,"ALTAVISTA",2,3,1437.822,25,5,1,1,1,3921.6001,63,1,2,0.3666417,11
17140,"09-Nov-15",0,39,"CD. JUAREZ ATLANTIS",1,5,2763.1188,24,5,2,2,2,9454.4004,79,1,3,0.2922574,11
17141,"09-Nov-15",1,38,"CD. OBREGON",1,7,3014.05,18,9,1,2,2,9880,147,1,1,0.3050658,11
17142,"09-Nov-15",0,30,"PUEBLA LA NORIA",2,4,950.2128,10,4,1,2,1,9393.5996,94,1,1,0.1011553,11
17143,"09-Nov-15",1,23,"JUAREZ PASO DEL NORTE",1,4,1266.1586,5,1,2,2,1,6627.2002,87,1,3,0.1910548,11
17145,"09-Nov-15",1,29,"PUEBLA LA NORIA",2,17,5286.0588,11,3,1,2,1,11248,430,0,1,0.4699554,11
17146,"09-Nov-15",1,28,"CAMPECHE",2,11,2779.3724,3,1,2,2,2,11916.8,151,1,3,0.2332314,11
17147,"09-Nov-15",1,30,"CD. JUAREZ BARRANCAS",1,9,4633.6627,12,2,1,1,2,1611.2,134,1,1,2.875908,11
17148,"09-Nov-15",1,30,"CD. JUAREZ BARRANCAS",1,9,4633.6627,12,5,1,1,2,4225.6001,134,1,1,1.096569,11
17149,"09-Nov-15",0,27,"CD. JUAREZ ATLANTIS",1,1,1470.3293,11,5,1,2,2,1337.6,22,1,1,1.099229,11
17150,"09-Nov-15",1,28,"EL SALTO",1,16,9153.675,2,1,2,2,2,5198.3999,528,0,3,1.760864,11
17151,"09-Nov-15",1,39,"PUEBLA LA NORIA",2,1,128.65381,21,4,1,2,1,23772.801,106,1,1,0.0054118,11
17152,"09-Nov-15",0,40,"CELAYA",1,12,3695.0775,24,11,1,2,1,7873.6001,200,0,1,0.4692996,11
17153,"09-Nov-15",1,50,"PUERTO",2,20,7174.2317,32,12,1,1,1,6718.3999,443,0,1,1.067848,11
17155,"09-Nov-15",0,31,"ZACATECAS",1,1,143.03203,9,2,2,2,1,3100.8,39,1,1,0.0461275,11
17156,"09-Nov-15",1,49,"VIADUCTO",2,13,5933.7039,24,6,1,1,2,4529.6001,275,0,1,1.309984,11
17157,"09-Nov-15",0,31,"CD. OBREGON",1,14,6386.4511,6,1,2,2,1,851.20001,528,0,3,7.50288,11
17162,"09-Nov-15",1,30,"MEXICALI IMPERIAL",1,4,701.032,15,2,1,2,1,4286.3999,45,1,1,0.163548,11
17163,"09-Nov-15",1,30,"SEVILLA",2,14,6902.0457,11,2,1,1,2,4924.7998,170,1,1,1.401488,11
17164,"09-Nov-15",0,33,"CUAUTITLAN",2,20,12427.783,17,8,1,1,1,7964.7998,528,0,1,1.560338,11
17165,"09-Nov-15",1,41,"VIADUCTO",2,9,1989.6956,24,3,1,1,2,31950.4,44,1,1,0.0622745,11
17166,"09-Nov-15",0,44,"POLANCO",2,5,5012.9977,23,4,2,1,1,5988.7998,78,1,1,0.8370622,11
17168,"09-Nov-15",1,56,"HERMOSILLO",1,6,8676.9432,39,10,2,2,1,3222.3999,85,1,3,2.692696,11
17169,"09-Nov-15",0,27,"MEXICALI IMPERIAL",1,3,1465.9533,10,2,2,1,2,790.40002,58,1,3,1.854698,11
17170,"09-Nov-15",0,33,"PACHUCA",2,1,406.341,7,2,1,1,2,6475.2002,63,1,1,0.0627534,11
17171,"09-Nov-15",0,33,"PACHUCA",2,1,406.341,7,1,1,1,2,2371.2,63,1,1,0.1713651,11
17172,"09-Nov-15",1,47,"MONTERREY CUMBRES",1,2,1642.4928,26,4,1,2,1,486.39999,63,1,1,3.376836,11
17173,"09-Nov-15",1,47,"MONTERREY CUMBRES",1,2,1642.4928,26,4,1,2,1,2310.3999,63,1,1,0.7109128,11
17175,"09-Nov-15",0,35,"CHAPALA",1,2,1277.161,21,10,1,2,2,14713.6,59,1,1,0.0868014,11
17176,"09-Nov-15",1,31,"VALLE DORADO",2,5,1819.4075,6,3,1,1,2,608,44,1,1,2.992446,11
17180,"09-Nov-15",1,31,"LAS AGUILAS",2,2,633.39185,10,1,1,1,1,8755.2002,43,1,1,0.0723446,11
17181,"09-Nov-15",1,28,"JUAREZ PASO DEL NORTE",1,5,1775.6477,11,2,2,1,1,12220.8,91,1,3,0.1452972,11
17182,"09-Nov-15",1,25,"DURANGO",1,1,178.79004,7,1,2,2,1,4043.2,52,1,3,0.0442199,11
17183,"09-Nov-15",1,29,"LEON",1,13,5364.8265,13,5,2,2,1,4803.2002,528,0,3,1.116928,11
17185,"09-Nov-15",0,34,"ZACATECAS",1,22,5605.6304,15,2,2,2,1,1033.6,528,0,1,5.423404,11
17186,"09-Nov-15",0,49,"QUERETARO",1,4,1081.4922,28,6,1,2,1,3404.8,92,1,1,0.3176375,11
17187,"09-Nov-15",0,26,"CD. JUAREZ ATLANTIS",1,3,840.18816,6,1,1,2,2,1763.2,70,1,1,0.4765133,11
17188,"09-Nov-15",0,30,"PUEBLA LA NORIA",2,1,35.758008,7,3,2,2,2,881.59998,94,1,1,0.0405604,11
17189,"17-Nov-15",1,39,"TORREON COMARCA",1,13,5795.1728,18,8,1,2,2,638.40002,164,1,1,9.077651,11
17190,"17-Nov-15",1,28,"GRIJALVA",2,17,9158.0509,10,3,2,2,1,3131.2,220,0,3,2.924774,11
17191,"17-Nov-15",1,22,"TORREON COMARCA",1,2,346.20253,1,0,2,1,2,14500.8,69,1,3,0.0238747,11
17192,"17-Nov-15",1,32,"MERIDA",2,13,2478.055,12,2,1,2,2,9728,182,0,1,0.2547343,11
17193,"17-Nov-15",1,27,"JUAREZ CHAMIZAL",1,3,1016.6027,11,2,1,2,2,10974.4,58,1,1,0.092634,11
17194,"17-Nov-15",0,26,"TORREON COMARCA",1,5,2368.2804,4,2,1,1,2,486.39999,100,1,1,4.868998,11
17196,"17-Nov-15",1,31,"VALLE DORADO",2,4,3423.2666,14,2,1,1,2,15291.2,59,1,1,0.2238717,11
17197,"17-Nov-15",1,31,"XOLA",2,20,15050.621,11,2,1,1,1,5350.3999,520,0,1,2.81299,11
17198,"17-Nov-15",1,29,"CD. JUAREZ BARRANCAS",1,2,3510.1611,12,4,1,2,1,10944,72,1,1,0.3207384,11
17199,"17-Nov-15",1,38,"MONTERREY SANTA LUCIA",1,14,5247.6752,18,7,1,2,1,4316.7998,164,1,1,1.21564,11
17200,"17-Nov-15",1,48,"METRO CENTRO",2,3,459.37371,27,5,1,1,1,26174.4,65,1,1,0.0175505,11
17201,"17-Nov-15",1,26,"MONTERREY VOLCAN",1,15,18555.531,10,4,2,2,2,12585.6,241,0,3,1.474346,11
17202,"17-Nov-15",1,29,"TUXTLA GUTIERREZ",2,6,3102.8199,10,1,2,2,2,3435.2,127,1,3,0.9032429,11
17204,"17-Nov-15",0,28,"SATELITE",2,8,5578.7494,9,3,1,1,2,8846.4004,100,1,1,0.6306236,11
17205,"17-Nov-15",1,23,"MONTERREY VALLE ALTO",1,5,3317.2429,3,1,1,2,1,5988.7998,70,1,2,0.5539078,11
17206,"17-Nov-15",1,23,"MONTERREY VALLE ALTO",1,5,3317.2429,3,1,1,2,1,1793.6,70,1,2,1.849489,11
17207,"17-Nov-15",1,29,"VERACRUZ",2,3,305.06832,11,3,1,2,2,5776,49,1,1,0.0528165,11
17208,"17-Nov-15",1,32,"COSTA DEL SOL",2,16,7246.3728,11,2,1,2,2,7387.2002,212,0,2,0.9809363,11
17210,"17-Nov-15",1,36,"MONTERREY VOLCAN",1,16,6640.6122,19,8,1,2,1,9059.2002,161,1,1,0.7330241,11
17211,"17-Nov-15",1,32,"MERIDA",2,20,5324.3174,12,7,2,2,1,2371.2,520,0,3,2.24541,11
17212,"17-Nov-15",0,35,"ATLIXCO",2,18,3864.7405,21,5,1,2,1,8542.4004,520,0,1,0.4524186,11
17213,"17-Nov-15",1,35,"POLANCO",2,3,3730.8355,12,3,1,1,2,4499.2002,69,1,1,0.829222,11
17214,"17-Nov-15",1,35,"MONTERREY CUMBRES",1,2,1893.0489,18,5,1,2,2,5806.3999,80,1,1,0.326028,11
17215,"17-Nov-15",1,26,"MONTERREY LEONES",1,19,6193.512,1,0,2,2,2,18756.801,188,0,3,0.3302009,11
17217,"17-Nov-15",1,43,"PATRIOTISMO",2,1,321.0719,24,5,2,1,1,9089.5996,34,1,1,0.035323,11
17218,"17-Nov-15",1,27,"TLAXCALA",2,9,3797.6005,10,2,1,1,1,3496,90,1,1,1.08627,11
17219,"17-Nov-15",1,31,"CD. JUAREZ BARRANCAS",1,19,4788.8225,12,2,1,1,1,1580.8,520,0,1,3.029366,11
17220,"17-Nov-15",1,31,"COSTA DEL SOL",2,6,4248.4514,8,2,2,2,2,3860.8,62,1,3,1.100407,11
17222,"17-Nov-15",1,48,"MAZARIK",2,4,4546.6432,30,4,1,1,2,12646.4,80,1,1,0.3595207,11
17223,"17-Nov-15",1,54,"SALTILLO MONTERREAL",1,3,790.42702,37,8,1,2,2,9758.4004,35,1,1,0.0809997,11
17225,"17-Nov-15",1,27,"SALTILLO MONTERREAL",1,18,8621.8059,9,2,1,2,1,10062.4,156,1,1,0.8568339,11
17227,"23-Nov-15",0,46,"MARINA NACIONAL",2,4,1450.9499,30,4,1,1,1,12616,52,1,1,0.1150087,11
17228,"23-Nov-15",1,37,"COSTA DEL SOL",2,22,9879.3375,11,6,1,1,2,4104,177,1,1,2.407246,11
17230,"23-Nov-15",1,25,"GUADALAJARA AJIJIC",1,9,18152.19,6,2,2,2,2,3252.8,149,1,3,5.580482,11
17231,"23-Nov-15",1,30,"CRACOVIA",2,1,1162.1353,3,0,1,1,2,1641.6,80,1,2,0.7079284,11
17233,"23-Nov-15",1,39,"HERMOSILLO",1,3,764.42119,23,7,1,1,2,13862.4,238,0,1,0.0551435,11
17234,"23-Nov-15",1,25,"TIJUANA INSURGENTES",1,10,4142.5527,5,1,2,2,2,5593.6001,178,1,3,0.7405879,11
17235,"23-Nov-15",1,29,"COSTA DEL SOL",2,23,4996.2439,11,2,2,2,1,19516.801,140,1,3,0.2559971,11
17236,"23-Nov-15",0,25,"ARANDAS",1,18,4256.5053,1,0,2,2,1,1246.4,242,0,1,3.41504,11
17237,"23-Nov-15",1,28,"CRACOVIA",2,1,1072.7402,1,0,1,1,1,304,72,1,1,3.528751,11
17238,"23-Nov-15",0,41,"LA PAZ",1,22,14625.275,23,4,2,2,1,5350.3999,514,0,3,2.733492,11
17239,"23-Nov-15",0,34,"TOLUCA LERMA",2,17,11219.888,2,0,2,1,1,2462.3999,514,0,1,4.556485,11
17241,"23-Nov-15",1,26,"JUAREZ CHAMIZAL",1,2,62.514,7,1,2,1,1,10913.6,42,1,3,0.0057281,11
17242,"23-Nov-15",1,31,"MONTERREY CUMBRES",1,2,1029.2305,14,5,1,2,2,1702.4,79,1,1,0.6045762,11
17243,"23-Nov-15",1,24,"CD. JUAREZ BARRANCAS",1,2,325.0728,5,1,1,2,2,91.199997,71,1,1,3.564395,11
17244,"23-Nov-15",1,30,"JUAREZ PASO DEL NORTE",1,6,1186.3907,13,4,2,2,2,3283.2,56,1,1,0.3613519,11
17245,"23-Nov-15",1,31,"COUNTRY CLUB",1,23,17057.195,12,5,2,2,2,11126.4,227,0,1,1.533038,11
17246,"23-Nov-15",1,30,"POLANCO",2,2,200.54491,11,4,1,1,1,5411.2002,63,1,1,0.0370611,11
17247,"23-Nov-15",1,34,"COSTA DEL SOL",2,23,2819.3814,9,1,2,2,2,30.4,161,1,3,92.74281,11
17250,"23-Nov-15",0,34,"MAZATLAN",1,6,1695.7548,16,3,1,2,1,9028.7998,121,1,1,0.1878162,11
17251,"23-Nov-15",0,49,"PACHUCA",2,30,13306.355,29,5,1,1,1,3344,514,0,1,3.979173,11
17252,"23-Nov-15",1,27,"TOLUCA METEPEC",2,21,7114.2182,8,1,1,1,1,4590.3999,266,0,2,1.549804,11
17253,"23-Nov-15",1,43,"LA PAZ",1,23,17252.239,21,4,2,2,2,5320,514,0,3,3.242902,11
17256,"23-Nov-15",0,37,"MONTERREY LEONES",1,7,1969.8161,16,3,2,2,2,5441.6001,101,1,3,0.3619921,11
17257,"23-Nov-15",1,25,"COSTA DEL SOL",2,10,1347.8018,7,2,2,2,1,3860.8,77,1,1,0.3490991,11
17258,"23-Nov-15",1,29,"MONCLOVA",1,14,8043.9264,11,2,1,2,1,304,514,0,1,26.46029,11
17259,"23-Nov-15",1,58,"CHAPALA",1,2,750.168,40,11,1,2,2,760,45,1,1,0.9870632,11
17260,"23-Nov-15",0,37,"MONTERREY SAN NICOLAS",1,4,3405.7627,16,3,1,1,2,5259.2002,36,1,1,0.6475819,11
17261,"23-Nov-15",0,48,"DURANGO",1,19,11961.429,31,8,1,2,2,7873.6001,514,0,1,1.519182,11
17263,"23-Nov-15",1,31,"MONTERREY SENDERO",1,10,4894.5961,16,8,2,2,1,12160,224,0,3,0.4025161,11
17264,"23-Nov-15",0,31,"GUADALAJARA TLAQUEPAQUE",1,3,212.5476,13,3,1,2,1,8755.2002,71,1,1,0.0242767,11
17265,"23-Nov-15",1,39,"CD. JUAREZ BARRANCAS",1,1,62.514,18,3,2,1,2,7326.3999,45,1,3,0.0085327,11
17266,"23-Nov-15",1,30,"CUAUTITLAN",2,6,1825.4088,15,4,1,1,1,33774.398,57,1,1,0.0540471,11
17267,"23-Nov-15",1,27,"COSTA DEL SOL",2,8,3458.8996,6,3,2,2,2,942.40002,134,1,3,3.670309,11
17268,"23-Nov-15",0,41,"CD. JUAREZ ATLANTIS",1,5,1491.584,25,5,2,2,1,3161.6001,94,1,1,0.4717814,11
17269,"23-Nov-15",1,26,"SALTILLO",1,1,10.00224,4,1,2,2,2,7904,56,1,3,0.0012655,11
17270,"23-Nov-15",1,31,"VALLE DORADO",2,14,7066.5826,14,3,1,1,1,8451.2002,185,0,2,0.8361632,11
17271,"23-Nov-15",1,45,"CHAPULTEPEC",2,1,804.55518,25,5,1,1,2,6900.7998,49,1,1,0.1165887,11
17272,"23-Nov-15",0,53,"LA PAZ",1,17,10384.076,36,5,2,2,2,2401.6001,218,0,3,4.323815,11
17273,"23-Nov-15",1,28,"COSTA DEL SOL",2,2,345.07728,9,1,2,2,2,9302.4004,49,1,3,0.0370955,11
17274,"23-Nov-15",1,30,"SAN JERONIMO",2,12,3962.0123,6,1,1,1,2,11977.6,198,0,1,0.3307852,11
17276,"23-Nov-15",0,25,"SALTILLO",1,3,160.03584,9,3,2,2,1,1033.6,50,1,3,0.1548334,11
17277,"23-Nov-15",1,31,"TIJUANA INSURGENTES",1,1,31.507056,6,1,1,2,1,4803.2002,57,1,1,0.0065596,11
17278,"23-Nov-15",0,28,"SLP TANGAMANGA",1,2,510.23927,9,1,2,2,1,4590.3999,109,1,1,0.1111536,11
17279,"23-Nov-15",0,34,"PATRIOTISMO",2,15,16073.6,14,2,2,1,1,34078.398,200,0,1,0.4716654,11
17280,"23-Nov-15",0,29,"COLIMA",1,5,1126.7523,14,5,1,2,2,243.2,51,1,1,4.633028,11
17281,"23-Nov-15",0,35,"PACHUCA",2,21,6999.0674,21,4,1,1,2,9484.7998,514,0,2,0.7379246,11
17282,"23-Nov-15",1,26,"MEXICALI",1,1,62.514,8,2,2,1,2,5958.3999,37,1,3,0.0104917,11
17283,"30-Nov-15",1,46,"TORREON",1,1,521.36676,24,8,2,2,1,4256,71,1,3,0.1225016,11
17284,"30-Nov-15",0,27,"GUADALAJARA CENTRO",1,10,4015.0242,5,1,1,2,2,12585.6,134,1,2,0.3190173,11
17285,"30-Nov-15",0,27,"GUADALAJARA CENTRO",1,10,4015.0242,5,1,1,2,2,1276.8,134,1,2,3.144599,11
17288,"30-Nov-15",0,30,"MONTERREY VALLE ALTO",1,17,6313.2889,11,2,1,2,2,7995.2002,403,0,2,0.7896349,11
17289,"30-Nov-15",0,31,"CUAUTITLAN",2,1,25.0056,15,3,2,1,1,3131.2,42,1,1,0.0079859,11
17290,"30-Nov-15",1,24,"CHIHUAHUA PARRAL",1,1,568.8774,5,1,1,2,1,25019.199,45,1,1,0.0227376,11
17291,"30-Nov-15",0,35,"COATZACOALCOS",2,7,1492.8343,14,2,2,2,1,10092.8,134,1,3,0.1479108,11
17292,"30-Nov-15",1,58,"REYNOSA FRONTERA",1,15,19569.633,41,14,1,2,2,6536,507,0,1,2.99413,11
17293,"30-Nov-15",1,30,"REYNOSA FRONTERA",1,6,2664.3467,12,3,1,2,1,3800,128,1,1,0.7011439,11
17294,"30-Nov-15",0,22,"TIJUANA RIO",1,1,45.760248,3,1,2,2,1,9150.4004,84,1,3,0.0050009,11
17295,"30-Nov-15",1,27,"TIJUANA PLAYAS",1,1,670.15008,11,4,2,2,1,8785.5996,56,1,3,0.0762782,11
17296,"30-Nov-15",1,29,"CHIHUAHUA PARRAL",1,18,4000.896,7,2,2,2,1,4894.3999,452,0,1,0.8174436,11
17297,"30-Nov-15",1,31,"TAMPICO ALTAMIRA",1,1,62.514,11,2,1,1,1,17784,53,1,1,0.0035152,11
17298,"30-Nov-15",0,27,"JUAREZ CHAMIZAL",1,7,6191.7616,10,2,2,1,2,3648,135,1,1,1.697303,11
17299,"30-Nov-15",1,26,"MERIDA",2,1,625.14,5,1,2,2,2,212.8,42,1,3,2.937688,11
17301,"30-Nov-15",1,27,"NOGALES",1,16,3514.8601,4,1,2,2,2,12160,301,0,3,0.289051,11
17302,"30-Nov-15",0,30,"MONCLOVA",1,18,8431.6383,9,1,1,2,1,18240,507,0,1,0.4622609,11
17303,"30-Nov-15",1,26,"COATZACOALCOS",2,3,367.58232,6,1,2,2,2,5228.7998,65,1,3,0.0702996,11
17304,"30-Nov-15",1,27,"TAMPICO ALTAMIRA",1,1,2076.7151,2,0,1,1,2,6992,56,1,1,0.297013,11
17305,"30-Nov-15",1,41,"PUERTO",2,2,688.90428,24,4,1,1,2,1732.8,46,1,1,0.3975671,11
17306,"30-Nov-15",0,25,"CHIHUAHUA VILLA",1,19,9599.2748,8,4,1,2,1,9758.4004,212,0,1,0.9836935,11
17307,"30-Nov-15",1,42,"LINDAVISTA",2,20,5704.1524,24,5,1,1,2,2553.6001,374,0,2,2.233769,11
17308,"30-Nov-15",0,40,"MERIDA MONTEJO",2,15,8198.336,25,6,1,2,1,4955.2002,245,0,1,1.654491,11
17309,"30-Nov-15",0,22,"NOGALES",1,16,2535.4428,6,2,1,1,1,21097.6,232,0,1,0.1201768,11
17311,"30-Nov-15",1,24,"MATAMOROS",1,3,972.71784,7,1,1,2,2,12524.8,81,1,1,0.0776633,11
17312,"30-Nov-15",1,43,"CULIACAN",1,5,3583.5525,27,8,1,2,2,7417.6001,95,1,1,0.4831148,11
17313,"30-Nov-15",1,36,"MONCLOVA",1,9,5506.6082,17,4,1,2,2,12980.8,179,1,1,0.4242118,11
17314,"30-Nov-15",1,33,"MONTERREY CUMBRES",1,1,827.06022,15,3,2,2,2,1428.8,79,1,1,0.5788495,11
17315,"30-Nov-15",1,29,"CULIACAN",1,10,2807.6288,11,5,1,2,2,9788.7998,136,1,1,0.2868205,11
17318,"30-Nov-15",0,23,"MONTERREY FUNDIDORA",1,2,876.69634,2,1,2,2,1,6627.2002,85,1,3,0.1322876,11
17319,"30-Nov-15",1,27,"TULUM",2,6,2102.2208,10,1,2,2,2,7204.7998,88,1,3,0.2917806,11
17320,"30-Nov-15",0,29,"REYNOSA FRONTERA",1,2,1234.7765,10,3,1,2,1,11156.8,64,1,1,0.1106748,11
17321,"30-Nov-15",1,39,"VERACRUZ",2,17,3352.3758,24,5,1,2,1,9758.4004,192,0,1,0.3435374,11
17322,"30-Nov-15",1,30,"SAN ANGEL",2,14,8807.3474,12,2,1,1,2,6475.2002,193,0,1,1.360166,11
17323,"30-Nov-15",0,39,"MONTERREY CENTRO",1,1,260.68338,23,9,2,2,1,547.20001,73,1,1,0.476395,11
17324,"30-Nov-15",0,25,"JUAREZ PASO DEL NORTE",1,19,13444.761,8,2,2,1,1,5624,423,0,3,2.390605,11
17325,"30-Nov-15",0,36,"CANCUN",2,4,358.83036,20,4,1,2,2,6140.7998,142,1,1,0.0584338,11
17326,"30-Nov-15",1,22,"JUAREZ CHAMIZAL",1,2,1162.1353,5,1,1,2,2,17358.4,44,1,1,0.0669494,11
17327,"30-Nov-15",1,27,"GUADALAJARA CENTRO",1,2,761.42052,1,0,2,2,2,17966.4,88,1,3,0.0423802,11
17328,"30-Nov-15",0,32,"TLAXCALA",2,9,2696.3538,6,1,2,2,2,3465.6001,151,1,1,0.7780337,11
17329,"30-Nov-15",0,26,"COATZACOALCOS",2,7,1705.2569,4,2,2,2,2,5259.2002,119,1,3,0.3242426,11
17330,"30-Nov-15",1,33,"TORREON",1,8,3113.6973,19,4,1,2,1,3769.6001,151,1,1,0.826002,11
17331,"30-Nov-15",0,32,"NOGALES",1,18,5163.7814,17,2,1,1,1,1641.6,295,0,1,3.145578,11
17332,"30-Nov-15",0,46,"PUERTO",2,3,5909.4484,30,7,2,1,2,11582.4,49,1,1,0.5102093,11
17333,"30-Nov-15",1,27,"MATAMOROS",1,1,187.542,15,3,1,2,1,14744,78,1,1,0.0127199,11
17336,"07-Dec-15",0,32,"SLP TANGAMANGA",1,7,1841.4124,15,6,1,2,1,3435.2,116,1,1,0.5360423,12
17337,"07-Dec-15",1,27,"MORELIA MONARCA",1,4,296.81647,9,2,2,2,2,10366.4,112,1,1,0.0286325,12
17338,"07-Dec-15",0,32,"SOTELO",2,20,12688.091,13,2,1,1,2,851.20001,391,0,1,14.90612,12
17339,"07-Dec-15",0,32,"PREVISION",2,20,12688.091,13,2,1,1,2,851.20001,391,0,1,14.90612,12
17340,"07-Dec-15",0,32,"SOTELO",2,20,12688.091,13,2,1,1,2,851.20001,391,0,1,14.90612,12
17341,"07-Dec-15",0,32,"PREVISION",2,20,12688.091,13,2,1,1,2,851.20001,391,0,1,14.90612,12
17342,"07-Dec-15",1,41,"GRIJALVA",2,16,5228.671,23,5,1,2,1,4499.2002,500,0,1,1.162133,12
17343,"07-Dec-15",0,29,"FRAY SERVANDO",2,20,15478.591,7,1,1,1,1,3496,500,0,1,4.427515,12
17344,"07-Dec-15",1,37,"LAS AGUILAS",2,21,6999.5676,19,3,1,1,2,2979.2,193,0,1,2.349479,12
17345,"07-Dec-15",1,43,"TAMPICO",1,1,188.79228,24,9,2,2,1,5988.7998,59,1,3,0.0315242,12
17346,"07-Dec-15",0,35,"PACHUCA",2,9,3130.326,20,6,1,1,2,3587.2,101,1,1,0.8726377,12
17347,"07-Dec-15",1,27,"TAMPICO",1,16,7567.5698,5,1,2,2,2,1945.6,263,0,3,3.889581,12
17348,"07-Dec-15",1,33,"ZACATECAS",1,4,2848.763,5,1,1,2,2,608,60,1,1,4.685465,12
17349,"07-Dec-15",0,46,"SLP TANGAMANGA",1,1,320.94688,27,9,2,2,1,5836.7998,99,1,1,0.0549868,12
17350,"07-Dec-15",1,30,"COUNTRY CLUB",1,11,2453.9246,12,4,1,2,1,3739.2,88,1,1,0.65627,12
17351,"07-Dec-15",0,24,"COUNTRY CLUB",1,2,1575.1027,1,0,1,2,1,11035.2,50,1,1,0.1427344,12
17352,"07-Dec-15",0,31,"HERMOSILLO PITIC",1,19,9048.2764,16,3,1,1,2,1124.8,221,0,1,8.044342,12
17354,"07-Dec-15",0,29,"TAMPICO",1,1,670.15008,5,2,2,2,1,9849.5996,64,1,3,0.0680383,12
17356,"07-Dec-15",1,29,"CUAUTITLAN",2,13,6769.6411,6,1,1,1,2,2249.6001,137,1,2,3.009264,12
17357,"07-Dec-15",0,25,"CUAUTITLAN",2,18,9111.2905,6,1,1,1,1,2158.3999,500,0,1,4.221317,12
17358,"07-Dec-15",0,26,"COUNTRY CLUB",1,4,778.79941,5,1,2,2,2,10336,63,1,3,0.0753482,12
17359,"07-Dec-15",0,40,"SATELITE",2,3,1515.4644,14,4,1,1,1,9697.5996,73,1,1,0.1562721,12
17361,"07-Dec-15",0,31,"TAMPICO",1,14,4007.6475,11,1,2,1,1,6049.6001,500,0,3,0.6624649,12
17362,"07-Dec-15",1,34,"MONTERREY VOLCAN",1,2,464.47902,18,5,2,2,1,2371.2,122,1,3,0.1958835,12
17364,"07-Dec-15",1,28,"GRIJALVA",2,5,454.85186,9,2,2,2,2,3617.6001,84,1,3,0.125733,12
17366,"07-Dec-15",1,25,"CD. JUAREZ BARRANCAS",1,17,19629.146,3,1,1,2,2,32710.4,291,0,1,0.6000888,12
17368,"07-Dec-15",0,25,"CORREGIDORA",1,1,61.013664,2,0,2,2,2,5380.7998,101,1,3,0.0113391,12
17369,"07-Dec-15",1,34,"CUERNAVACA MORELOS",2,4,1032.2312,12,2,1,1,2,9241.5996,81,1,1,0.111694,12
17370,"07-Dec-15",1,54,"CHAPALA",1,18,16408.3,36,7,1,2,2,5198.3999,330,0,1,3.156414,12
17372,"07-Dec-15",0,31,"SLP TANGAMANGA",1,8,960.21504,6,2,1,2,2,6536,116,1,1,0.1469117,12
17373,"07-Dec-15",0,30,"CRACOVIA",2,7,4625.7859,11,2,2,1,1,8572.7998,77,1,1,0.5395887,12
17375,"07-Dec-15",0,24,"EL SALTO",1,1,437.598,5,1,2,2,1,11278.4,148,1,3,0.0387997,12
17377,"07-Dec-15",0,26,"QUERETARO ACUEDUCTO",1,10,7033.8252,2,0,2,2,2,668.79999,205,0,3,10.51708,12
17378,"07-Dec-15",1,22,"TIJUANA CACHANILLA",1,4,4911.0998,2,1,2,2,1,7113.6001,106,1,3,0.6903818,12
17379,"14-Dec-15",1,26,"CANCUN",2,2,500.112,8,1,2,2,1,3800,78,1,3,0.1316084,12
17380,"14-Dec-15",0,26,"DURANGO",1,1,10.00224,3,1,1,2,2,3192,32,1,1,0.0031335,12
17381,"14-Dec-15",0,23,"TORREON COMARCA",1,6,2149.2313,2,1,2,2,1,91.199997,77,1,3,23.56613,12
17382,"14-Dec-15",0,26,"TORREON COMARCA",1,21,9306.2091,11,2,1,2,1,2948.8,197,0,1,3.155931,12
17384,"14-Dec-15",0,45,"SEVILLA",2,2,376.33428,8,2,1,1,1,6171.2002,88,1,2,0.0609823,12
17385,"14-Dec-15",1,59,"CULIACAN",1,22,6871.4139,44,9,1,2,2,7083.2002,291,0,1,0.9701002,12
17386,"14-Dec-15",1,59,"CULIACAN",1,22,6871.4139,44,13,1,2,2,10092.8,291,0,1,0.6808234,12
17387,"14-Dec-15",0,23,"TORREON COMARCA",1,1,63.014112,2,0,2,2,1,3556.8,51,1,3,0.0177165,12
17388,"14-Dec-15",1,30,"GUADALAJARA PATRIA",1,2,611.38692,12,7,1,2,2,3800,35,1,1,0.1608913,12
17389,"14-Dec-15",0,27,"PRAGA",2,4,1896.0496,8,3,2,1,2,2097.6001,87,1,1,0.9039138,12
17390,"14-Dec-15",0,45,"CANCUN",2,12,3858.7392,16,4,2,2,2,8816,207,0,3,0.4376973,12
17392,"14-Dec-15",0,30,"CD. OBREGON",1,18,7478.5498,10,5,1,1,2,2432,344,0,1,3.075062,12
17393,"14-Dec-15",1,25,"DURANGO",1,11,6644.6131,5,1,2,2,1,7113.6001,186,0,3,0.9340718,12
17394,"14-Dec-15",0,29,"TLALPAN",2,11,4320.4467,10,2,1,1,1,13588.8,179,1,1,0.3179418,12
17395,"14-Dec-15",0,31,"MONTERREY VALLE ALTO",1,19,6467.5734,9,4,1,2,1,2979.2,266,0,2,2.170909,12
17396,"14-Dec-15",1,22,"MONTERREY CHIPINQUE",1,12,3100.7986,4,2,1,2,1,1185.6,122,1,1,2.615383,12
17397,"14-Dec-15",0,29,"ALTAVISTA",2,11,2554.8013,9,2,1,1,2,8785.5996,135,1,2,0.2907942,12
17398,"14-Dec-15",0,44,"MONTERREY VALLE ALTO",1,27,10424.585,25,4,1,2,2,5441.6001,493,0,2,1.91572,12
17399,"14-Dec-15",1,60,"MONTERREY TECNOLOGICO",1,1,502.61256,40,12,1,2,2,10001.6,46,1,2,0.0502532,12
17400,"14-Dec-15",1,25,"CHIHUAHUA",1,1,562.626,7,1,2,2,2,2705.6001,56,1,3,0.2079487,12
17402,"14-Dec-15",1,26,"CHIHUAHUA VILLA",1,13,10406.831,8,1,2,2,1,10518.4,144,1,3,0.9893929,12
17403,"14-Dec-15",0,31,"NOGALES",1,15,5650.8905,11,2,2,2,1,12555.2,493,0,1,0.4500837,12
17404,"14-Dec-15",1,45,"VALLE DORADO",2,6,2752.6164,29,16,1,1,1,2158.3999,81,1,1,1.275304,12
17405,"14-Dec-15",1,48,"COATZACOALCOS",2,19,10296.129,25,4,1,2,2,6384,298,0,1,1.612802,12
17406,"14-Dec-15",1,46,"MONTERREY LEONES",1,2,2766.2445,30,7,2,2,2,7052.7998,88,1,3,0.3922193,12
17408,"14-Dec-15",1,36,"CULIACAN",1,7,2256.7554,22,3,1,2,1,13619.2,129,1,1,0.165704,12
17409,"14-Dec-15",0,28,"VIADUCTO",2,18,12236.615,8,2,1,1,2,6505.6001,493,0,1,1.880936,12
17410,"14-Dec-15",1,33,"CUAUTITLAN",2,6,3719.583,13,2,1,1,1,1854.4,92,1,2,2.005815,12
17412,"14-Dec-15",1,22,"NOGALES",1,3,793.30266,4,1,2,2,1,1033.6,50,1,3,0.7675142,12
17413,"14-Dec-15",0,44,"GUADALAJARA PATRIA",1,8,2813.13,27,8,2,2,2,5350.3999,86,1,1,0.5257794,12
17414,"14-Dec-15",1,30,"TORREON",1,11,9260.949,4,1,1,2,2,4438.3999,126,1,1,2.086551,12
17415,"14-Dec-15",1,25,"DURANGO",1,1,238.92851,5,1,2,2,1,10579.2,46,1,3,0.0225847,12
17416,"14-Dec-15",1,25,"DURANGO",1,1,238.92851,5,2,2,2,1,3921.6001,46,1,3,0.0609263,12
17418,"14-Dec-15",0,31,"CHOLULA",2,2,983.97036,5,2,2,2,1,2705.6001,100,1,3,0.3636792,12
17419,"14-Dec-15",1,42,"VIVEROS",2,7,1922.9306,6,2,1,1,1,3070.3999,137,1,1,0.6262802,12
17420,"14-Dec-15",1,48,"TRADE CENTER",2,2,1312.794,27,6,1,1,2,5107.2002,74,1,1,0.2570477,12
17421,"14-Dec-15",0,29,"DURANGO",1,1,367.58232,2,1,1,2,2,3678.3999,32,1,1,0.09993,12
17422,"14-Dec-15",1,32,"CULIACAN",1,1,187.542,16,6,2,1,2,14531.2,43,1,3,0.0129062,12
17423,"14-Dec-15",0,22,"CD. JUAREZ BARRANCAS",1,13,14922.592,1,1,2,1,1,9606.4004,133,1,3,1.553401,12
17424,"14-Dec-15",1,25,"CD. JUAREZ BARRANCAS",1,2,622.0143,7,1,2,1,2,12068.8,56,1,3,0.051539,12
17425,"14-Dec-15",0,41,"CULIACAN",1,17,8088.4364,21,8,1,2,2,6110.3999,294,0,1,1.323716,12
17426,"14-Dec-15",0,41,"CULIACAN",1,17,8088.4364,21,4,1,2,2,5958.3999,294,0,1,1.357485,12
17427,"14-Dec-15",1,39,"TORREON",1,10,1707.7575,19,4,2,2,1,2340.8,126,1,3,0.7295614,12
17428,"14-Dec-15",1,25,"CD. OBREGON",1,14,10625.255,1,0,2,2,2,5046.3999,137,1,3,2.105512,12
17429,"14-Dec-15",1,31,"TLALPAN",2,3,377.20948,10,2,1,1,2,3617.6001,70,1,2,0.1042706,12
17430,"14-Dec-15",1,32,"ALTAVISTA",2,26,12303.682,12,2,1,1,2,9880,298,0,2,1.245312,12
17431,"14-Dec-15",0,26,"TORREON",1,6,3607.6829,1,0,1,2,1,3952,91,1,1,0.9128752,12
17432,"14-Dec-15",0,30,"CULIACAN",1,1,50.0112,6,1,2,2,2,6627.2002,57,1,3,0.0075464,12
17434,"14-Dec-15",1,28,"XOLA",2,21,11537.084,10,3,2,1,1,12099.2,318,0,1,0.953541,12
17435,"14-Dec-15",1,24,"CD. JUAREZ ATLANTIS",1,2,162.5364,8,1,1,2,2,6596.7998,58,1,1,0.0246387,12
17436,"14-Dec-15",1,28,"LINDAVISTA",2,6,7898.6439,4,1,2,1,2,10457.6,135,1,1,0.7553018,12
17437,"14-Dec-15",0,24,"MONTERREY CUMBRES",1,2,264.18416,4,1,2,2,2,1976,50,1,3,0.1336964,12
17438,"14-Dec-15",1,29,"TLAXCALA",2,5,2860.6406,4,2,1,2,2,2766.3999,84,1,1,1.034066,12
17441,"14-Dec-15",0,41,"NUEVO LAREDO",1,11,3031.0538,16,3,1,2,2,2918.3999,198,0,1,1.038601,12
17443,"14-Dec-15",1,27,"CHIHUAHUA PARRAL",1,20,9395.9792,7,1,2,2,2,6201.6001,351,0,3,1.51509,12
17444,"14-Dec-15",0,45,"CRONOS",2,11,7948.9052,28,3,2,1,1,1915.2,135,1,1,4.150431,12
17445,"14-Dec-15",1,29,"MERIDA",2,1,1424.0689,10,4,1,2,1,1398.4,29,1,1,1.018356,12
17446,"14-Dec-15",0,35,"VERACRUZ",2,27,15314.93,18,3,1,2,1,3891.2,493,0,1,3.935786,12
17447,"14-Dec-15",0,25,"CHOLULA",2,18,11712.602,1,0,1,2,2,5897.6001,192,0,1,1.985995,12
17448,"14-Dec-15",0,30,"CHAPALA",1,2,893.32506,12,3,2,2,2,15108.8,42,1,3,0.0591261,12
17449,"21-Dec-15",1,44,"SATELITE",2,21,9647.9106,22,4,1,1,2,4772.7998,318,0,1,2.021436,12
17450,"21-Dec-15",0,44,"PACHUCA",2,24,12489.672,2,1,1,1,2,15321.6,437,0,1,0.8151676,12
17451,"21-Dec-15",1,31,"NAUCALPAN",2,12,7504.6807,3,1,1,1,2,4408,248,0,1,1.702514,12
17452,"21-Dec-15",0,41,"COUNTRY CLUB",1,15,11151.872,24,10,1,2,2,6232,147,1,1,1.789453,12
17456,"21-Dec-15",0,34,"JALISCO",1,19,16391.921,16,6,1,2,1,3465.6001,486,0,1,4.729894,12
17457,"21-Dec-15",0,32,"COUNTRY CLUB",1,5,3315.1174,13,4,2,2,1,6840,85,1,1,0.4846663,12
17463,"21-Dec-15",0,35,"SAN ANGEL",2,12,2731.2367,19,5,1,1,1,10427.2,101,1,1,0.2619338,12
17467,"21-Dec-15",1,32,"SALTILLO",1,12,2480.8056,16,6,1,2,1,6657.6001,162,1,1,0.3726276,12
17468,"21-Dec-15",0,24,"SALTILLO MONTERREAL",1,18,8927.3743,1,0,1,2,2,10184,185,0,1,0.8766078,12
17469,"21-Dec-15",1,33,"CHIHUAHUA PARRAL",1,1,1699.1305,16,3,1,2,1,273.60001,74,1,1,6.210272,12
17470,"21-Dec-15",1,32,"CHIHUAHUA VILLA",1,1,50.0112,15,3,2,2,1,6900.7998,60,1,3,0.0072472,12
17471,"21-Dec-15",0,31,"JUAREZ CHAMIZAL",1,8,4345.4523,14,3,1,2,2,6323.2002,43,1,1,0.6872236,12
17472,"21-Dec-15",1,25,"CD. JUAREZ BARRANCAS",1,1,125.028,15,3,1,2,2,2097.6001,44,1,1,0.0596053,12
17473,"21-Dec-15",1,26,"JUAREZ PASO DEL NORTE",1,3,4385.7322,9,2,2,1,1,4924.7998,43,1,3,0.8905402,12
17474,"21-Dec-15",1,26,"JUAREZ PASO DEL NORTE",1,4,5863.9382,8,2,2,2,2,11400,123,1,3,0.5143806,12
17475,"21-Dec-15",1,32,"CD. JUAREZ BARRANCAS",1,15,7788.1191,10,2,2,2,1,10883.2,274,0,3,0.7156093,12
17476,"21-Dec-15",0,25,"CD. JUAREZ ATLANTIS",1,17,13003.162,4,1,1,1,2,1489.6,196,0,1,8.729298,12
17477,"21-Dec-15",1,26,"CD. JUAREZ BARRANCAS",1,1,437.598,9,1,1,2,1,6596.7998,49,1,1,0.0663349,12
17478,"21-Dec-15",1,52,"TORREON COMARCA",1,10,6051.3552,34,7,1,2,1,8025.6001,119,1,1,0.7540066,12
17479,"21-Dec-15",1,52,"TORREON COMARCA",1,10,6051.3552,34,7,1,2,1,8329.5996,119,1,1,0.7264881,12
17480,"21-Dec-15",1,43,"TORREON COMARCA",1,4,1345.0512,20,7,1,2,2,6748.7998,49,1,1,0.1993023,12
17481,"21-Dec-15",1,29,"CHAPULTEPEC",2,8,1562.85,9,2,1,1,2,24168,120,1,1,0.0646661,12
17482,"21-Dec-15",1,30,"LA PAZ",1,5,1450.3248,12,2,2,2,1,3313.6001,49,1,3,0.4376885,12
17483,"21-Dec-15",0,25,"MONTERREY SANTA LUCIA",1,1,62.514,8,1,2,2,2,3374.3999,43,1,3,0.018526,12
17484,"21-Dec-15",1,24,"MONTERREY MITRAS",1,16,9734.43,5,2,2,2,2,6596.7998,274,0,3,1.475629,12
17485,"21-Dec-15",1,26,"MONTERREY MITRAS",1,5,725.1624,2,0,2,2,2,4742.3999,109,1,3,0.1529104,12
17487,"21-Dec-15",1,34,"SAN LUIS POTOSI",1,1,121.65224,13,3,2,2,1,1094.4,84,1,3,0.1111588,12
17489,"21-Dec-15",1,45,"LEON",1,12,10168.902,21,5,2,2,3,1732.8,186,0,3,5.86848,12
17490,"21-Dec-15",1,38,"GRIJALVA",2,2,325.57291,23,5,1,2,2,212.8,70,1,1,1.529948,12
17491,"21-Dec-15",1,34,"VIVEROS",2,20,11120.74,14,4,1,1,1,9697.5996,486,0,1,1.146752,12
17495,"21-Dec-15",0,31,"EJERCITO",2,1,112.5252,11,2,1,1,2,14592,46,1,1,0.0077114,12
